id,name,filePath,startLine,endLine,content,description,declaredType
"Property:backend/src/main/java/com/freqmanage/common/ApiResponse.java:ApiResponse.code","code","backend/src/main/java/com/freqmanage/common/ApiResponse.java",10,10,"@AllArgsConstructor
public class ApiResponse<T> {
    private int code;
    private String message;
    private T data;
","","int"
"Property:backend/src/main/java/com/freqmanage/common/ApiResponse.java:ApiResponse.message","message","backend/src/main/java/com/freqmanage/common/ApiResponse.java",11,11,"public class ApiResponse<T> {
    private int code;
    private String message;
    private T data;

","","String"
"Property:backend/src/main/java/com/freqmanage/common/ApiResponse.java:ApiResponse.data","data","backend/src/main/java/com/freqmanage/common/ApiResponse.java",12,12,"    private int code;
    private String message;
    private T data;

    public static <T> ApiResponse<T> ok(T data) {
","","T"
"Property:backend/src/main/java/com/freqmanage/common/BizException.java:BizException.code","code","backend/src/main/java/com/freqmanage/common/BizException.java",3,3,"
public class BizException extends RuntimeException {
    private final int code;

    public BizException(String message) {
","","int"
"Property:backend/src/main/java/com/freqmanage/common/PageResponse.java:PageResponse.records","records","backend/src/main/java/com/freqmanage/common/PageResponse.java",12,12,"@AllArgsConstructor
public class PageResponse<T> {
    private List<T> records;
    private long total;
    private long pageNum;
","","List"
"Property:backend/src/main/java/com/freqmanage/common/PageResponse.java:PageResponse.total","total","backend/src/main/java/com/freqmanage/common/PageResponse.java",13,13,"public class PageResponse<T> {
    private List<T> records;
    private long total;
    private long pageNum;
    private long pageSize;
","","long"
"Property:backend/src/main/java/com/freqmanage/common/PageResponse.java:PageResponse.pageNum","pageNum","backend/src/main/java/com/freqmanage/common/PageResponse.java",14,14,"    private List<T> records;
    private long total;
    private long pageNum;
    private long pageSize;
}
","","long"
"Property:backend/src/main/java/com/freqmanage/common/PageResponse.java:PageResponse.pageSize","pageSize","backend/src/main/java/com/freqmanage/common/PageResponse.java",15,15,"    private long total;
    private long pageNum;
    private long pageSize;
}
","","long"
"Property:backend/src/main/java/com/freqmanage/common/QueryParam.java:QueryParam.pageNum","pageNum","backend/src/main/java/com/freqmanage/common/QueryParam.java",6,6,"@Data
public class QueryParam {
    private long pageNum = 1;
    private long pageSize = 10;
    private String keyword;
","","long"
"Property:backend/src/main/java/com/freqmanage/common/QueryParam.java:QueryParam.pageSize","pageSize","backend/src/main/java/com/freqmanage/common/QueryParam.java",7,7,"public class QueryParam {
    private long pageNum = 1;
    private long pageSize = 10;
    private String keyword;
}
","","long"
"Property:backend/src/main/java/com/freqmanage/common/QueryParam.java:QueryParam.keyword","keyword","backend/src/main/java/com/freqmanage/common/QueryParam.java",8,8,"    private long pageNum = 1;
    private long pageSize = 10;
    private String keyword;
}
","","String"
"Property:backend/src/main/java/com/freqmanage/common/ResultCode.java:ResultCode.code","code","backend/src/main/java/com/freqmanage/common/ResultCode.java",10,10,"    SERVER_ERROR(500, ""服务器内部错误"");

    private final int code;
    private final String message;

","",""
"Property:backend/src/main/java/com/freqmanage/common/ResultCode.java:ResultCode.message","message","backend/src/main/java/com/freqmanage/common/ResultCode.java",11,11,"
    private final int code;
    private final String message;

    ResultCode(int code, String message) {
","",""
"Property:backend/src/main/java/com/freqmanage/config/SecurityConfig.java:SecurityConfig.jwtFilter","jwtFilter","backend/src/main/java/com/freqmanage/config/SecurityConfig.java",19,19,"@EnableWebSecurity
public class SecurityConfig {
    private final JwtFilter jwtFilter;

    public SecurityConfig(@Lazy JwtFilter jwtFilter) {
","","JwtFilter"
"Property:backend/src/main/java/com/freqmanage/module/auth/AuthController.java:AuthController.jwtUtil","jwtUtil","backend/src/main/java/com/freqmanage/module/auth/AuthController.java",22,22,"@RequestMapping(""/api/auth"")
public class AuthController {
    private final JwtUtil jwtUtil;
    private final UserService userService;
    private final PasswordEncoder passwordEncoder;
","","JwtUtil"
"Property:backend/src/main/java/com/freqmanage/module/auth/AuthController.java:AuthController.userService","userService","backend/src/main/java/com/freqmanage/module/auth/AuthController.java",23,23,"public class AuthController {
    private final JwtUtil jwtUtil;
    private final UserService userService;
    private final PasswordEncoder passwordEncoder;

","","UserService"
"Property:backend/src/main/java/com/freqmanage/module/auth/AuthController.java:AuthController.passwordEncoder","passwordEncoder","backend/src/main/java/com/freqmanage/module/auth/AuthController.java",24,24,"    private final JwtUtil jwtUtil;
    private final UserService userService;
    private final PasswordEncoder passwordEncoder;

    public AuthController(JwtUtil jwtUtil, UserService userService, PasswordEncoder passwordEncoder) {
","","PasswordEncoder"
"Property:backend/src/main/java/com/freqmanage/module/auth/AuthController.java:LoginRequest.username","username","backend/src/main/java/com/freqmanage/module/auth/AuthController.java",116,117,"    @Data
    public static class LoginRequest {
        @NotBlank
        private String username;
        @NotBlank
        private String password;
","","String"
"Property:backend/src/main/java/com/freqmanage/module/auth/AuthController.java:LoginRequest.password","password","backend/src/main/java/com/freqmanage/module/auth/AuthController.java",118,119,"        @NotBlank
        private String username;
        @NotBlank
        private String password;
    }

","","String"
"Property:backend/src/main/java/com/freqmanage/module/auth/AuthController.java:ChangePasswordRequest.oldPassword","oldPassword","backend/src/main/java/com/freqmanage/module/auth/AuthController.java",124,125,"    @Data
    public static class ChangePasswordRequest {
        @NotBlank
        private String oldPassword;
        @NotBlank
        private String newPassword;
","","String"
"Property:backend/src/main/java/com/freqmanage/module/auth/AuthController.java:ChangePasswordRequest.newPassword","newPassword","backend/src/main/java/com/freqmanage/module/auth/AuthController.java",126,127,"        @NotBlank
        private String oldPassword;
        @NotBlank
        private String newPassword;
    }
}
","","String"
"Property:backend/src/main/java/com/freqmanage/module/permit/controller/PermitController.java:PermitController.permitService","permitService","backend/src/main/java/com/freqmanage/module/permit/controller/PermitController.java",29,29,"@RequestMapping(""/api/permit"")
public class PermitController {
    private final PermitService permitService;
    private final FrequencyService frequencyService;
    private final StationPermitService stationPermitService;","","PermitService"
"Property:backend/src/main/java/com/freqmanage/module/permit/controller/PermitController.java:PermitController.frequencyService","frequencyService","backend/src/main/java/com/freqmanage/module/permit/controller/PermitController.java",30,30,"public class PermitController {
    private final PermitService permitService;
    private final FrequencyService frequencyService;
    private final StationPermitService stationPermitService;
","","FrequencyService"
"Property:backend/src/main/java/com/freqmanage/module/permit/controller/PermitController.java:PermitController.stationPermitService","stationPermitService","backend/src/main/java/com/freqmanage/module/permit/controller/PermitController.java",31,31,"    private final PermitService permitService;
    private final FrequencyService frequencyService;
    private final StationPermitService stationPermitService;

    public PermitController(PermitService permitService, FrequencyService frequencyService, StationPermitService stationPermitService) {","","StationPermitService"
"Property:backend/src/main/java/com/freqmanage/module/permit/dto/FrequencyCreateDTO.java:FrequencyCreateDTO.permitid","permitid","backend/src/main/java/com/freqmanage/module/permit/dto/FrequencyCreateDTO.java",8,8,"@Data
public class FrequencyCreateDTO {
    private String permitid;
    private BigDecimal frequency;
    private BigDecimal badnwidth;","","String"
"Property:backend/src/main/java/com/freqmanage/module/permit/dto/FrequencyCreateDTO.java:FrequencyCreateDTO.frequency","frequency","backend/src/main/java/com/freqmanage/module/permit/dto/FrequencyCreateDTO.java",9,9,"public class FrequencyCreateDTO {
    private String permitid;
    private BigDecimal frequency;
    private BigDecimal badnwidth;
}","","BigDecimal"
"Property:backend/src/main/java/com/freqmanage/module/permit/dto/FrequencyCreateDTO.java:FrequencyCreateDTO.badnwidth","badnwidth","backend/src/main/java/com/freqmanage/module/permit/dto/FrequencyCreateDTO.java",10,10,"    private String permitid;
    private BigDecimal frequency;
    private BigDecimal badnwidth;
}","","BigDecimal"
"Property:backend/src/main/java/com/freqmanage/module/permit/dto/FrequencyUpdateDTO.java:FrequencyUpdateDTO.frequency","frequency","backend/src/main/java/com/freqmanage/module/permit/dto/FrequencyUpdateDTO.java",8,8,"@Data
public class FrequencyUpdateDTO {
    private BigDecimal frequency;
    private BigDecimal badnwidth;
}","","BigDecimal"
"Property:backend/src/main/java/com/freqmanage/module/permit/dto/FrequencyUpdateDTO.java:FrequencyUpdateDTO.badnwidth","badnwidth","backend/src/main/java/com/freqmanage/module/permit/dto/FrequencyUpdateDTO.java",9,9,"public class FrequencyUpdateDTO {
    private BigDecimal frequency;
    private BigDecimal badnwidth;
}","","BigDecimal"
"Property:backend/src/main/java/com/freqmanage/module/permit/dto/PermitCreateDTO.java:PermitCreateDTO.consent","consent","backend/src/main/java/com/freqmanage/module/permit/dto/PermitCreateDTO.java",8,8,"@Data
public class PermitCreateDTO {
    private String consent;
    private String interlocutor;
    private String category;","","String"
"Property:backend/src/main/java/com/freqmanage/module/permit/dto/PermitCreateDTO.java:PermitCreateDTO.interlocutor","interlocutor","backend/src/main/java/com/freqmanage/module/permit/dto/PermitCreateDTO.java",9,9,"public class PermitCreateDTO {
    private String consent;
    private String interlocutor;
    private String category;
    private String legal;","","String"
"Property:backend/src/main/java/com/freqmanage/module/permit/dto/PermitCreateDTO.java:PermitCreateDTO.category","category","backend/src/main/java/com/freqmanage/module/permit/dto/PermitCreateDTO.java",10,10,"    private String consent;
    private String interlocutor;
    private String category;
    private String legal;
    private String type;","","String"
"Property:backend/src/main/java/com/freqmanage/module/permit/dto/PermitCreateDTO.java:PermitCreateDTO.legal","legal","backend/src/main/java/com/freqmanage/module/permit/dto/PermitCreateDTO.java",11,11,"    private String interlocutor;
    private String category;
    private String legal;
    private String type;
    private LocalDate startdate;","","String"
"Property:backend/src/main/java/com/freqmanage/module/permit/dto/PermitCreateDTO.java:PermitCreateDTO.type","type","backend/src/main/java/com/freqmanage/module/permit/dto/PermitCreateDTO.java",12,12,"    private String category;
    private String legal;
    private String type;
    private LocalDate startdate;
    private LocalDate enddate;","","String"
"Property:backend/src/main/java/com/freqmanage/module/permit/dto/PermitCreateDTO.java:PermitCreateDTO.startdate","startdate","backend/src/main/java/com/freqmanage/module/permit/dto/PermitCreateDTO.java",13,13,"    private String legal;
    private String type;
    private LocalDate startdate;
    private LocalDate enddate;
    private String scope;","","LocalDate"
"Property:backend/src/main/java/com/freqmanage/module/permit/dto/PermitCreateDTO.java:PermitCreateDTO.enddate","enddate","backend/src/main/java/com/freqmanage/module/permit/dto/PermitCreateDTO.java",14,14,"    private String type;
    private LocalDate startdate;
    private LocalDate enddate;
    private String scope;
    private String process;","","LocalDate"
"Property:backend/src/main/java/com/freqmanage/module/permit/dto/PermitCreateDTO.java:PermitCreateDTO.scope","scope","backend/src/main/java/com/freqmanage/module/permit/dto/PermitCreateDTO.java",15,15,"    private LocalDate startdate;
    private LocalDate enddate;
    private String scope;
    private String process;
    private String status;","","String"
"Property:backend/src/main/java/com/freqmanage/module/permit/dto/PermitCreateDTO.java:PermitCreateDTO.process","process","backend/src/main/java/com/freqmanage/module/permit/dto/PermitCreateDTO.java",16,16,"    private LocalDate enddate;
    private String scope;
    private String process;
    private String status;
    private String code;","","String"
"Property:backend/src/main/java/com/freqmanage/module/permit/dto/PermitCreateDTO.java:PermitCreateDTO.status","status","backend/src/main/java/com/freqmanage/module/permit/dto/PermitCreateDTO.java",17,17,"    private String scope;
    private String process;
    private String status;
    private String code;
    private LocalDate decisiondate;","","String"
"Property:backend/src/main/java/com/freqmanage/module/permit/dto/PermitCreateDTO.java:PermitCreateDTO.code","code","backend/src/main/java/com/freqmanage/module/permit/dto/PermitCreateDTO.java",18,18,"    private String process;
    private String status;
    private String code;
    private LocalDate decisiondate;
    private String decision;","","String"
"Property:backend/src/main/java/com/freqmanage/module/permit/dto/PermitCreateDTO.java:PermitCreateDTO.decisiondate","decisiondate","backend/src/main/java/com/freqmanage/module/permit/dto/PermitCreateDTO.java",19,19,"    private String status;
    private String code;
    private LocalDate decisiondate;
    private String decision;
    private String note;","","LocalDate"
"Property:backend/src/main/java/com/freqmanage/module/permit/dto/PermitCreateDTO.java:PermitCreateDTO.decision","decision","backend/src/main/java/com/freqmanage/module/permit/dto/PermitCreateDTO.java",20,20,"    private String code;
    private LocalDate decisiondate;
    private String decision;
    private String note;
    private String register;","","String"
"Property:backend/src/main/java/com/freqmanage/module/permit/dto/PermitCreateDTO.java:PermitCreateDTO.note","note","backend/src/main/java/com/freqmanage/module/permit/dto/PermitCreateDTO.java",21,21,"    private LocalDate decisiondate;
    private String decision;
    private String note;
    private String register;
    private String address;","","String"
"Property:backend/src/main/java/com/freqmanage/module/permit/dto/PermitCreateDTO.java:PermitCreateDTO.register","register","backend/src/main/java/com/freqmanage/module/permit/dto/PermitCreateDTO.java",22,22,"    private String decision;
    private String note;
    private String register;
    private String address;
    private String phone;","","String"
"Property:backend/src/main/java/com/freqmanage/module/permit/dto/PermitCreateDTO.java:PermitCreateDTO.address","address","backend/src/main/java/com/freqmanage/module/permit/dto/PermitCreateDTO.java",23,23,"    private String note;
    private String register;
    private String address;
    private String phone;
    private String email;","","String"
"Property:backend/src/main/java/com/freqmanage/module/permit/dto/PermitCreateDTO.java:PermitCreateDTO.phone","phone","backend/src/main/java/com/freqmanage/module/permit/dto/PermitCreateDTO.java",24,24,"    private String register;
    private String address;
    private String phone;
    private String email;
    private String administrativeinfo;","","String"
"Property:backend/src/main/java/com/freqmanage/module/permit/dto/PermitCreateDTO.java:PermitCreateDTO.email","email","backend/src/main/java/com/freqmanage/module/permit/dto/PermitCreateDTO.java",25,25,"    private String address;
    private String phone;
    private String email;
    private String administrativeinfo;
    private String directorname;","","String"
"Property:backend/src/main/java/com/freqmanage/module/permit/dto/PermitCreateDTO.java:PermitCreateDTO.administrativeinfo","administrativeinfo","backend/src/main/java/com/freqmanage/module/permit/dto/PermitCreateDTO.java",26,26,"    private String phone;
    private String email;
    private String administrativeinfo;
    private String directorname;
}","","String"
"Property:backend/src/main/java/com/freqmanage/module/permit/dto/PermitCreateDTO.java:PermitCreateDTO.directorname","directorname","backend/src/main/java/com/freqmanage/module/permit/dto/PermitCreateDTO.java",27,27,"    private String email;
    private String administrativeinfo;
    private String directorname;
}","","String"
"Property:backend/src/main/java/com/freqmanage/module/permit/dto/PermitQueryDTO.java:PermitQueryDTO.consent","consent","backend/src/main/java/com/freqmanage/module/permit/dto/PermitQueryDTO.java",10,10,"@Data
public class PermitQueryDTO extends com.freqmanage.common.QueryParam {
    private String consent;
    private String category;
    private String status;","","String"
"Property:backend/src/main/java/com/freqmanage/module/permit/dto/PermitQueryDTO.java:PermitQueryDTO.category","category","backend/src/main/java/com/freqmanage/module/permit/dto/PermitQueryDTO.java",11,11,"public class PermitQueryDTO extends com.freqmanage.common.QueryParam {
    private String consent;
    private String category;
    private String status;
    private String type;","","String"
"Property:backend/src/main/java/com/freqmanage/module/permit/dto/PermitQueryDTO.java:PermitQueryDTO.status","status","backend/src/main/java/com/freqmanage/module/permit/dto/PermitQueryDTO.java",12,12,"    private String consent;
    private String category;
    private String status;
    private String type;
    private LocalDate startDateFrom;","","String"
"Property:backend/src/main/java/com/freqmanage/module/permit/dto/PermitQueryDTO.java:PermitQueryDTO.type","type","backend/src/main/java/com/freqmanage/module/permit/dto/PermitQueryDTO.java",13,13,"    private String category;
    private String status;
    private String type;
    private LocalDate startDateFrom;
    private LocalDate startDateTo;","","String"
"Property:backend/src/main/java/com/freqmanage/module/permit/dto/PermitQueryDTO.java:PermitQueryDTO.startDateFrom","startDateFrom","backend/src/main/java/com/freqmanage/module/permit/dto/PermitQueryDTO.java",14,14,"    private String status;
    private String type;
    private LocalDate startDateFrom;
    private LocalDate startDateTo;
    private LocalDate endDateFrom;","","LocalDate"
"Property:backend/src/main/java/com/freqmanage/module/permit/dto/PermitQueryDTO.java:PermitQueryDTO.startDateTo","startDateTo","backend/src/main/java/com/freqmanage/module/permit/dto/PermitQueryDTO.java",15,15,"    private String type;
    private LocalDate startDateFrom;
    private LocalDate startDateTo;
    private LocalDate endDateFrom;
    private LocalDate endDateTo;","","LocalDate"
"Property:backend/src/main/java/com/freqmanage/module/permit/dto/PermitQueryDTO.java:PermitQueryDTO.endDateFrom","endDateFrom","backend/src/main/java/com/freqmanage/module/permit/dto/PermitQueryDTO.java",16,16,"    private LocalDate startDateFrom;
    private LocalDate startDateTo;
    private LocalDate endDateFrom;
    private LocalDate endDateTo;
    private String province;","","LocalDate"
"Property:backend/src/main/java/com/freqmanage/module/permit/dto/PermitQueryDTO.java:PermitQueryDTO.endDateTo","endDateTo","backend/src/main/java/com/freqmanage/module/permit/dto/PermitQueryDTO.java",17,17,"    private LocalDate startDateTo;
    private LocalDate endDateFrom;
    private LocalDate endDateTo;
    private String province;
}","","LocalDate"
"Property:backend/src/main/java/com/freqmanage/module/permit/dto/PermitQueryDTO.java:PermitQueryDTO.province","province","backend/src/main/java/com/freqmanage/module/permit/dto/PermitQueryDTO.java",18,18,"    private LocalDate endDateFrom;
    private LocalDate endDateTo;
    private String province;
}","","String"
"Property:backend/src/main/java/com/freqmanage/module/permit/dto/PermitUpdateDTO.java:PermitUpdateDTO.consent","consent","backend/src/main/java/com/freqmanage/module/permit/dto/PermitUpdateDTO.java",8,8,"@Data
public class PermitUpdateDTO {
    private String consent;
    private String interlocutor;
    private String category;","","String"
"Property:backend/src/main/java/com/freqmanage/module/permit/dto/PermitUpdateDTO.java:PermitUpdateDTO.interlocutor","interlocutor","backend/src/main/java/com/freqmanage/module/permit/dto/PermitUpdateDTO.java",9,9,"public class PermitUpdateDTO {
    private String consent;
    private String interlocutor;
    private String category;
    private String legal;","","String"
"Property:backend/src/main/java/com/freqmanage/module/permit/dto/PermitUpdateDTO.java:PermitUpdateDTO.category","category","backend/src/main/java/com/freqmanage/module/permit/dto/PermitUpdateDTO.java",10,10,"    private String consent;
    private String interlocutor;
    private String category;
    private String legal;
    private String type;","","String"
"Property:backend/src/main/java/com/freqmanage/module/permit/dto/PermitUpdateDTO.java:PermitUpdateDTO.legal","legal","backend/src/main/java/com/freqmanage/module/permit/dto/PermitUpdateDTO.java",11,11,"    private String interlocutor;
    private String category;
    private String legal;
    private String type;
    private LocalDate startdate;","","String"
"Property:backend/src/main/java/com/freqmanage/module/permit/dto/PermitUpdateDTO.java:PermitUpdateDTO.type","type","backend/src/main/java/com/freqmanage/module/permit/dto/PermitUpdateDTO.java",12,12,"    private String category;
    private String legal;
    private String type;
    private LocalDate startdate;
    private LocalDate enddate;","","String"
"Property:backend/src/main/java/com/freqmanage/module/permit/dto/PermitUpdateDTO.java:PermitUpdateDTO.startdate","startdate","backend/src/main/java/com/freqmanage/module/permit/dto/PermitUpdateDTO.java",13,13,"    private String legal;
    private String type;
    private LocalDate startdate;
    private LocalDate enddate;
    private String scope;","","LocalDate"
"Property:backend/src/main/java/com/freqmanage/module/permit/dto/PermitUpdateDTO.java:PermitUpdateDTO.enddate","enddate","backend/src/main/java/com/freqmanage/module/permit/dto/PermitUpdateDTO.java",14,14,"    private String type;
    private LocalDate startdate;
    private LocalDate enddate;
    private String scope;
    private String process;","","LocalDate"
"Property:backend/src/main/java/com/freqmanage/module/permit/dto/PermitUpdateDTO.java:PermitUpdateDTO.scope","scope","backend/src/main/java/com/freqmanage/module/permit/dto/PermitUpdateDTO.java",15,15,"    private LocalDate startdate;
    private LocalDate enddate;
    private String scope;
    private String process;
    private String status;","","String"
"Property:backend/src/main/java/com/freqmanage/module/permit/dto/PermitUpdateDTO.java:PermitUpdateDTO.process","process","backend/src/main/java/com/freqmanage/module/permit/dto/PermitUpdateDTO.java",16,16,"    private LocalDate enddate;
    private String scope;
    private String process;
    private String status;
    private String code;","","String"
"Property:backend/src/main/java/com/freqmanage/module/permit/dto/PermitUpdateDTO.java:PermitUpdateDTO.status","status","backend/src/main/java/com/freqmanage/module/permit/dto/PermitUpdateDTO.java",17,17,"    private String scope;
    private String process;
    private String status;
    private String code;
    private LocalDate decisiondate;","","String"
"Property:backend/src/main/java/com/freqmanage/module/permit/dto/PermitUpdateDTO.java:PermitUpdateDTO.code","code","backend/src/main/java/com/freqmanage/module/permit/dto/PermitUpdateDTO.java",18,18,"    private String process;
    private String status;
    private String code;
    private LocalDate decisiondate;
    private String decision;","","String"
"Property:backend/src/main/java/com/freqmanage/module/permit/dto/PermitUpdateDTO.java:PermitUpdateDTO.decisiondate","decisiondate","backend/src/main/java/com/freqmanage/module/permit/dto/PermitUpdateDTO.java",19,19,"    private String status;
    private String code;
    private LocalDate decisiondate;
    private String decision;
    private String note;","","LocalDate"
"Property:backend/src/main/java/com/freqmanage/module/permit/dto/PermitUpdateDTO.java:PermitUpdateDTO.decision","decision","backend/src/main/java/com/freqmanage/module/permit/dto/PermitUpdateDTO.java",20,20,"    private String code;
    private LocalDate decisiondate;
    private String decision;
    private String note;
    private String register;","","String"
"Property:backend/src/main/java/com/freqmanage/module/permit/dto/PermitUpdateDTO.java:PermitUpdateDTO.note","note","backend/src/main/java/com/freqmanage/module/permit/dto/PermitUpdateDTO.java",21,21,"    private LocalDate decisiondate;
    private String decision;
    private String note;
    private String register;
    private String address;","","String"
"Property:backend/src/main/java/com/freqmanage/module/permit/dto/PermitUpdateDTO.java:PermitUpdateDTO.register","register","backend/src/main/java/com/freqmanage/module/permit/dto/PermitUpdateDTO.java",22,22,"    private String decision;
    private String note;
    private String register;
    private String address;
    private String phone;","","String"
"Property:backend/src/main/java/com/freqmanage/module/permit/dto/PermitUpdateDTO.java:PermitUpdateDTO.address","address","backend/src/main/java/com/freqmanage/module/permit/dto/PermitUpdateDTO.java",23,23,"    private String note;
    private String register;
    private String address;
    private String phone;
    private String email;","","String"
"Property:backend/src/main/java/com/freqmanage/module/permit/dto/PermitUpdateDTO.java:PermitUpdateDTO.phone","phone","backend/src/main/java/com/freqmanage/module/permit/dto/PermitUpdateDTO.java",24,24,"    private String register;
    private String address;
    private String phone;
    private String email;
    private String administrativeinfo;","","String"
"Property:backend/src/main/java/com/freqmanage/module/permit/dto/PermitUpdateDTO.java:PermitUpdateDTO.email","email","backend/src/main/java/com/freqmanage/module/permit/dto/PermitUpdateDTO.java",25,25,"    private String address;
    private String phone;
    private String email;
    private String administrativeinfo;
    private String directorname;","","String"
"Property:backend/src/main/java/com/freqmanage/module/permit/dto/PermitUpdateDTO.java:PermitUpdateDTO.administrativeinfo","administrativeinfo","backend/src/main/java/com/freqmanage/module/permit/dto/PermitUpdateDTO.java",26,26,"    private String phone;
    private String email;
    private String administrativeinfo;
    private String directorname;
}","","String"
"Property:backend/src/main/java/com/freqmanage/module/permit/dto/PermitUpdateDTO.java:PermitUpdateDTO.directorname","directorname","backend/src/main/java/com/freqmanage/module/permit/dto/PermitUpdateDTO.java",27,27,"    private String email;
    private String administrativeinfo;
    private String directorname;
}","","String"
"Property:backend/src/main/java/com/freqmanage/module/permit/dto/StationPermitCreateDTO.java:StationPermitCreateDTO.permitid","permitid","backend/src/main/java/com/freqmanage/module/permit/dto/StationPermitCreateDTO.java",8,8,"@Data
public class StationPermitCreateDTO {
    private String permitid;
    private Integer quantity;
    private BigDecimal outputpower;","","String"
"Property:backend/src/main/java/com/freqmanage/module/permit/dto/StationPermitCreateDTO.java:StationPermitCreateDTO.quantity","quantity","backend/src/main/java/com/freqmanage/module/permit/dto/StationPermitCreateDTO.java",9,9,"public class StationPermitCreateDTO {
    private String permitid;
    private Integer quantity;
    private BigDecimal outputpower;
    private String type;","","Integer"
"Property:backend/src/main/java/com/freqmanage/module/permit/dto/StationPermitCreateDTO.java:StationPermitCreateDTO.outputpower","outputpower","backend/src/main/java/com/freqmanage/module/permit/dto/StationPermitCreateDTO.java",10,10,"    private String permitid;
    private Integer quantity;
    private BigDecimal outputpower;
    private String type;
}","","BigDecimal"
"Property:backend/src/main/java/com/freqmanage/module/permit/dto/StationPermitCreateDTO.java:StationPermitCreateDTO.type","type","backend/src/main/java/com/freqmanage/module/permit/dto/StationPermitCreateDTO.java",11,11,"    private Integer quantity;
    private BigDecimal outputpower;
    private String type;
}","","String"
"Property:backend/src/main/java/com/freqmanage/module/permit/dto/StationPermitUpdateDTO.java:StationPermitUpdateDTO.quantity","quantity","backend/src/main/java/com/freqmanage/module/permit/dto/StationPermitUpdateDTO.java",8,8,"@Data
public class StationPermitUpdateDTO {
    private Integer quantity;
    private BigDecimal outputpower;
    private String type;","","Integer"
"Property:backend/src/main/java/com/freqmanage/module/permit/dto/StationPermitUpdateDTO.java:StationPermitUpdateDTO.outputpower","outputpower","backend/src/main/java/com/freqmanage/module/permit/dto/StationPermitUpdateDTO.java",9,9,"public class StationPermitUpdateDTO {
    private Integer quantity;
    private BigDecimal outputpower;
    private String type;
}","","BigDecimal"
"Property:backend/src/main/java/com/freqmanage/module/permit/dto/StationPermitUpdateDTO.java:StationPermitUpdateDTO.type","type","backend/src/main/java/com/freqmanage/module/permit/dto/StationPermitUpdateDTO.java",10,10,"    private Integer quantity;
    private BigDecimal outputpower;
    private String type;
}","","String"
"Property:backend/src/main/java/com/freqmanage/module/permit/entity/RsbtSpecialPermit.java:RsbtSpecialPermit.guid","guid","backend/src/main/java/com/freqmanage/module/permit/entity/RsbtSpecialPermit.java",12,13,"@TableName(""RSBT_SPECIAL_PERMIT"")
public class RsbtSpecialPermit {
    @TableId(""GUID"")
    private String guid;
    private String consent;
    private String interlocutor;
","","String"
"Property:backend/src/main/java/com/freqmanage/module/permit/entity/RsbtSpecialPermit.java:RsbtSpecialPermit.consent","consent","backend/src/main/java/com/freqmanage/module/permit/entity/RsbtSpecialPermit.java",14,14,"    @TableId(""GUID"")
    private String guid;
    private String consent;
    private String interlocutor;
    private String category;
","","String"
"Property:backend/src/main/java/com/freqmanage/module/permit/entity/RsbtSpecialPermit.java:RsbtSpecialPermit.interlocutor","interlocutor","backend/src/main/java/com/freqmanage/module/permit/entity/RsbtSpecialPermit.java",15,15,"    private String guid;
    private String consent;
    private String interlocutor;
    private String category;
    private String legal;
","","String"
"Property:backend/src/main/java/com/freqmanage/module/permit/entity/RsbtSpecialPermit.java:RsbtSpecialPermit.category","category","backend/src/main/java/com/freqmanage/module/permit/entity/RsbtSpecialPermit.java",16,16,"    private String consent;
    private String interlocutor;
    private String category;
    private String legal;
    private String type;
","","String"
"Property:backend/src/main/java/com/freqmanage/module/permit/entity/RsbtSpecialPermit.java:RsbtSpecialPermit.legal","legal","backend/src/main/java/com/freqmanage/module/permit/entity/RsbtSpecialPermit.java",17,17,"    private String interlocutor;
    private String category;
    private String legal;
    private String type;
    private LocalDate startdate;
","","String"
"Property:backend/src/main/java/com/freqmanage/module/permit/entity/RsbtSpecialPermit.java:RsbtSpecialPermit.type","type","backend/src/main/java/com/freqmanage/module/permit/entity/RsbtSpecialPermit.java",18,18,"    private String category;
    private String legal;
    private String type;
    private LocalDate startdate;
    private LocalDate enddate;
","","String"
"Property:backend/src/main/java/com/freqmanage/module/permit/entity/RsbtSpecialPermit.java:RsbtSpecialPermit.startdate","startdate","backend/src/main/java/com/freqmanage/module/permit/entity/RsbtSpecialPermit.java",19,19,"    private String legal;
    private String type;
    private LocalDate startdate;
    private LocalDate enddate;
    private String scope;
","","LocalDate"
"Property:backend/src/main/java/com/freqmanage/module/permit/entity/RsbtSpecialPermit.java:RsbtSpecialPermit.enddate","enddate","backend/src/main/java/com/freqmanage/module/permit/entity/RsbtSpecialPermit.java",20,20,"    private String type;
    private LocalDate startdate;
    private LocalDate enddate;
    private String scope;
    private String process;
","","LocalDate"
"Property:backend/src/main/java/com/freqmanage/module/permit/entity/RsbtSpecialPermit.java:RsbtSpecialPermit.scope","scope","backend/src/main/java/com/freqmanage/module/permit/entity/RsbtSpecialPermit.java",21,21,"    private LocalDate startdate;
    private LocalDate enddate;
    private String scope;
    private String process;
    private String status;
","","String"
"Property:backend/src/main/java/com/freqmanage/module/permit/entity/RsbtSpecialPermit.java:RsbtSpecialPermit.process","process","backend/src/main/java/com/freqmanage/module/permit/entity/RsbtSpecialPermit.java",22,22,"    private LocalDate enddate;
    private String scope;
    private String process;
    private String status;
    private String code;
","","String"
"Property:backend/src/main/java/com/freqmanage/module/permit/entity/RsbtSpecialPermit.java:RsbtSpecialPermit.status","status","backend/src/main/java/com/freqmanage/module/permit/entity/RsbtSpecialPermit.java",23,23,"    private String scope;
    private String process;
    private String status;
    private String code;
    private LocalDate decisiondate;
","","String"
"Property:backend/src/main/java/com/freqmanage/module/permit/entity/RsbtSpecialPermit.java:RsbtSpecialPermit.code","code","backend/src/main/java/com/freqmanage/module/permit/entity/RsbtSpecialPermit.java",24,24,"    private String process;
    private String status;
    private String code;
    private LocalDate decisiondate;
    private String decision;
","","String"
"Property:backend/src/main/java/com/freqmanage/module/permit/entity/RsbtSpecialPermit.java:RsbtSpecialPermit.decisiondate","decisiondate","backend/src/main/java/com/freqmanage/module/permit/entity/RsbtSpecialPermit.java",25,25,"    private String status;
    private String code;
    private LocalDate decisiondate;
    private String decision;
    private String note;
","","LocalDate"
"Property:backend/src/main/java/com/freqmanage/module/permit/entity/RsbtSpecialPermit.java:RsbtSpecialPermit.decision","decision","backend/src/main/java/com/freqmanage/module/permit/entity/RsbtSpecialPermit.java",26,26,"    private String code;
    private LocalDate decisiondate;
    private String decision;
    private String note;
    private String register;
","","String"
"Property:backend/src/main/java/com/freqmanage/module/permit/entity/RsbtSpecialPermit.java:RsbtSpecialPermit.note","note","backend/src/main/java/com/freqmanage/module/permit/entity/RsbtSpecialPermit.java",27,27,"    private LocalDate decisiondate;
    private String decision;
    private String note;
    private String register;
    private String address;
","","String"
"Property:backend/src/main/java/com/freqmanage/module/permit/entity/RsbtSpecialPermit.java:RsbtSpecialPermit.register","register","backend/src/main/java/com/freqmanage/module/permit/entity/RsbtSpecialPermit.java",28,28,"    private String decision;
    private String note;
    private String register;
    private String address;
    private String phone;
","","String"
"Property:backend/src/main/java/com/freqmanage/module/permit/entity/RsbtSpecialPermit.java:RsbtSpecialPermit.address","address","backend/src/main/java/com/freqmanage/module/permit/entity/RsbtSpecialPermit.java",29,29,"    private String note;
    private String register;
    private String address;
    private String phone;
    private String email;
","","String"
"Property:backend/src/main/java/com/freqmanage/module/permit/entity/RsbtSpecialPermit.java:RsbtSpecialPermit.phone","phone","backend/src/main/java/com/freqmanage/module/permit/entity/RsbtSpecialPermit.java",30,30,"    private String register;
    private String address;
    private String phone;
    private String email;
    private String administrativeinfo;
","","String"
"Property:backend/src/main/java/com/freqmanage/module/permit/entity/RsbtSpecialPermit.java:RsbtSpecialPermit.email","email","backend/src/main/java/com/freqmanage/module/permit/entity/RsbtSpecialPermit.java",31,31,"    private String address;
    private String phone;
    private String email;
    private String administrativeinfo;
    private String directorname;
","","String"
"Property:backend/src/main/java/com/freqmanage/module/permit/entity/RsbtSpecialPermit.java:RsbtSpecialPermit.administrativeinfo","administrativeinfo","backend/src/main/java/com/freqmanage/module/permit/entity/RsbtSpecialPermit.java",32,32,"    private String phone;
    private String email;
    private String administrativeinfo;
    private String directorname;
    private LocalDateTime createTime;
","","String"
"Property:backend/src/main/java/com/freqmanage/module/permit/entity/RsbtSpecialPermit.java:RsbtSpecialPermit.directorname","directorname","backend/src/main/java/com/freqmanage/module/permit/entity/RsbtSpecialPermit.java",33,33,"    private String email;
    private String administrativeinfo;
    private String directorname;
    private LocalDateTime createTime;
    private LocalDateTime updateTime;
","","String"
"Property:backend/src/main/java/com/freqmanage/module/permit/entity/RsbtSpecialPermit.java:RsbtSpecialPermit.createTime","createTime","backend/src/main/java/com/freqmanage/module/permit/entity/RsbtSpecialPermit.java",34,34,"    private String administrativeinfo;
    private String directorname;
    private LocalDateTime createTime;
    private LocalDateTime updateTime;
}
","","LocalDateTime"
"Property:backend/src/main/java/com/freqmanage/module/permit/entity/RsbtSpecialPermit.java:RsbtSpecialPermit.updateTime","updateTime","backend/src/main/java/com/freqmanage/module/permit/entity/RsbtSpecialPermit.java",35,35,"    private String directorname;
    private LocalDateTime createTime;
    private LocalDateTime updateTime;
}
","","LocalDateTime"
"Property:backend/src/main/java/com/freqmanage/module/permit/entity/RsbtSpecialPermitFrequency.java:RsbtSpecialPermitFrequency.guid","guid","backend/src/main/java/com/freqmanage/module/permit/entity/RsbtSpecialPermitFrequency.java",11,12,"@TableName(""RSBT_SPECIAL_PERMIT_FREQUENCY"")
public class RsbtSpecialPermitFrequency {
    @TableId(""GUID"")
    private String guid;
    private String permitid;
    private BigDecimal frequency;
","","String"
"Property:backend/src/main/java/com/freqmanage/module/permit/entity/RsbtSpecialPermitFrequency.java:RsbtSpecialPermitFrequency.permitid","permitid","backend/src/main/java/com/freqmanage/module/permit/entity/RsbtSpecialPermitFrequency.java",13,13,"    @TableId(""GUID"")
    private String guid;
    private String permitid;
    private BigDecimal frequency;
    private BigDecimal badnwidth;
","","String"
"Property:backend/src/main/java/com/freqmanage/module/permit/entity/RsbtSpecialPermitFrequency.java:RsbtSpecialPermitFrequency.frequency","frequency","backend/src/main/java/com/freqmanage/module/permit/entity/RsbtSpecialPermitFrequency.java",14,14,"    private String guid;
    private String permitid;
    private BigDecimal frequency;
    private BigDecimal badnwidth;
}
","","BigDecimal"
"Property:backend/src/main/java/com/freqmanage/module/permit/entity/RsbtSpecialPermitFrequency.java:RsbtSpecialPermitFrequency.badnwidth","badnwidth","backend/src/main/java/com/freqmanage/module/permit/entity/RsbtSpecialPermitFrequency.java",15,15,"    private String permitid;
    private BigDecimal frequency;
    private BigDecimal badnwidth;
}
","","BigDecimal"
"Property:backend/src/main/java/com/freqmanage/module/permit/entity/RsbtSpecialPermitStation.java:RsbtSpecialPermitStation.guid","guid","backend/src/main/java/com/freqmanage/module/permit/entity/RsbtSpecialPermitStation.java",11,12,"@TableName(""RSBT_SPECIAL_PERMIT_STATION"")
public class RsbtSpecialPermitStation {
    @TableId(""GUID"")
    private String guid;
    private String permitid;
    private Integer quantity;
","","String"
"Property:backend/src/main/java/com/freqmanage/module/permit/entity/RsbtSpecialPermitStation.java:RsbtSpecialPermitStation.permitid","permitid","backend/src/main/java/com/freqmanage/module/permit/entity/RsbtSpecialPermitStation.java",13,13,"    @TableId(""GUID"")
    private String guid;
    private String permitid;
    private Integer quantity;
    private BigDecimal outputpower;
","","String"
"Property:backend/src/main/java/com/freqmanage/module/permit/entity/RsbtSpecialPermitStation.java:RsbtSpecialPermitStation.quantity","quantity","backend/src/main/java/com/freqmanage/module/permit/entity/RsbtSpecialPermitStation.java",14,14,"    private String guid;
    private String permitid;
    private Integer quantity;
    private BigDecimal outputpower;
    private String type;
","","Integer"
"Property:backend/src/main/java/com/freqmanage/module/permit/entity/RsbtSpecialPermitStation.java:RsbtSpecialPermitStation.outputpower","outputpower","backend/src/main/java/com/freqmanage/module/permit/entity/RsbtSpecialPermitStation.java",15,15,"    private String permitid;
    private Integer quantity;
    private BigDecimal outputpower;
    private String type;
}
","","BigDecimal"
"Property:backend/src/main/java/com/freqmanage/module/permit/entity/RsbtSpecialPermitStation.java:RsbtSpecialPermitStation.type","type","backend/src/main/java/com/freqmanage/module/permit/entity/RsbtSpecialPermitStation.java",16,16,"    private Integer quantity;
    private BigDecimal outputpower;
    private String type;
}
","","String"
"Property:backend/src/main/java/com/freqmanage/module/permit/service/PermitService.java:PermitService.frequencyMapper","frequencyMapper","backend/src/main/java/com/freqmanage/module/permit/service/PermitService.java",33,33,"public class PermitService extends ServiceImpl<SpecialPermitMapper, RsbtSpecialPermit> {

    private final SpecialPermitFrequencyMapper frequencyMapper;
    private final SpecialPermitStationMapper stationPermitMapper;
","","SpecialPermitFrequencyMapper"
"Property:backend/src/main/java/com/freqmanage/module/permit/service/PermitService.java:PermitService.stationPermitMapper","stationPermitMapper","backend/src/main/java/com/freqmanage/module/permit/service/PermitService.java",34,34,"
    private final SpecialPermitFrequencyMapper frequencyMapper;
    private final SpecialPermitStationMapper stationPermitMapper;

    public PermitService(SpecialPermitFrequencyMapper frequencyMapper, SpecialPermitStationMapper stationPermitMapper) {","","SpecialPermitStationMapper"
"Property:backend/src/main/java/com/freqmanage/module/permit/vo/FrequencyVO.java:FrequencyVO.guid","guid","backend/src/main/java/com/freqmanage/module/permit/vo/FrequencyVO.java",8,8,"@Data
public class FrequencyVO {
    private String guid;
    private String permitid;
    private BigDecimal frequency;","","String"
"Property:backend/src/main/java/com/freqmanage/module/permit/vo/FrequencyVO.java:FrequencyVO.permitid","permitid","backend/src/main/java/com/freqmanage/module/permit/vo/FrequencyVO.java",9,9,"public class FrequencyVO {
    private String guid;
    private String permitid;
    private BigDecimal frequency;
    private BigDecimal badnwidth;","","String"
"Property:backend/src/main/java/com/freqmanage/module/permit/vo/FrequencyVO.java:FrequencyVO.frequency","frequency","backend/src/main/java/com/freqmanage/module/permit/vo/FrequencyVO.java",10,10,"    private String guid;
    private String permitid;
    private BigDecimal frequency;
    private BigDecimal badnwidth;
}","","BigDecimal"
"Property:backend/src/main/java/com/freqmanage/module/permit/vo/FrequencyVO.java:FrequencyVO.badnwidth","badnwidth","backend/src/main/java/com/freqmanage/module/permit/vo/FrequencyVO.java",11,11,"    private String permitid;
    private BigDecimal frequency;
    private BigDecimal badnwidth;
}","","BigDecimal"
"Property:backend/src/main/java/com/freqmanage/module/permit/vo/PermitDetailVO.java:PermitDetailVO.permit","permit","backend/src/main/java/com/freqmanage/module/permit/vo/PermitDetailVO.java",8,8,"@Data
public class PermitDetailVO {
    private PermitVO permit;
    private List<FrequencyVO> frequencies;
    private List<StationPermitVO> stations;","","PermitVO"
"Property:backend/src/main/java/com/freqmanage/module/permit/vo/PermitDetailVO.java:PermitDetailVO.frequencies","frequencies","backend/src/main/java/com/freqmanage/module/permit/vo/PermitDetailVO.java",9,9,"public class PermitDetailVO {
    private PermitVO permit;
    private List<FrequencyVO> frequencies;
    private List<StationPermitVO> stations;
}","","List"
"Property:backend/src/main/java/com/freqmanage/module/permit/vo/PermitDetailVO.java:PermitDetailVO.stations","stations","backend/src/main/java/com/freqmanage/module/permit/vo/PermitDetailVO.java",10,10,"    private PermitVO permit;
    private List<FrequencyVO> frequencies;
    private List<StationPermitVO> stations;
}","","List"
"Property:backend/src/main/java/com/freqmanage/module/permit/vo/StationPermitVO.java:StationPermitVO.guid","guid","backend/src/main/java/com/freqmanage/module/permit/vo/StationPermitVO.java",8,8,"@Data
public class StationPermitVO {
    private String guid;
    private String permitid;
    private Integer quantity;","","String"
"Property:backend/src/main/java/com/freqmanage/module/permit/vo/StationPermitVO.java:StationPermitVO.permitid","permitid","backend/src/main/java/com/freqmanage/module/permit/vo/StationPermitVO.java",9,9,"public class StationPermitVO {
    private String guid;
    private String permitid;
    private Integer quantity;
    private BigDecimal outputpower;","","String"
"Property:backend/src/main/java/com/freqmanage/module/permit/vo/StationPermitVO.java:StationPermitVO.quantity","quantity","backend/src/main/java/com/freqmanage/module/permit/vo/StationPermitVO.java",10,10,"    private String guid;
    private String permitid;
    private Integer quantity;
    private BigDecimal outputpower;
    private String type;","","Integer"
"Property:backend/src/main/java/com/freqmanage/module/permit/vo/StationPermitVO.java:StationPermitVO.outputpower","outputpower","backend/src/main/java/com/freqmanage/module/permit/vo/StationPermitVO.java",11,11,"    private String permitid;
    private Integer quantity;
    private BigDecimal outputpower;
    private String type;
}","","BigDecimal"
"Property:backend/src/main/java/com/freqmanage/module/permit/vo/StationPermitVO.java:StationPermitVO.type","type","backend/src/main/java/com/freqmanage/module/permit/vo/StationPermitVO.java",12,12,"    private Integer quantity;
    private BigDecimal outputpower;
    private String type;
}","","String"
"Property:backend/src/main/java/com/freqmanage/module/planning/controller/PlanningController.java:PlanningController.planningService","planningService","backend/src/main/java/com/freqmanage/module/planning/controller/PlanningController.java",21,21,"@RequestMapping(""/api/planning"")
public class PlanningController {
    private final PlanningService planningService;

    public PlanningController(PlanningService planningService) {","","PlanningService"
"Property:backend/src/main/java/com/freqmanage/module/planning/dto/PlanningCreateDTO.java:PlanningCreateDTO.radioservices","radioservices","backend/src/main/java/com/freqmanage/module/planning/dto/PlanningCreateDTO.java",6,6,"@Data
public class PlanningCreateDTO {
    private String radioservices;
    private String subservices;
    private String level;","","String"
"Property:backend/src/main/java/com/freqmanage/module/planning/dto/PlanningCreateDTO.java:PlanningCreateDTO.subservices","subservices","backend/src/main/java/com/freqmanage/module/planning/dto/PlanningCreateDTO.java",7,7,"public class PlanningCreateDTO {
    private String radioservices;
    private String subservices;
    private String level;
    private String segmentname;","","String"
"Property:backend/src/main/java/com/freqmanage/module/planning/dto/PlanningCreateDTO.java:PlanningCreateDTO.level","level","backend/src/main/java/com/freqmanage/module/planning/dto/PlanningCreateDTO.java",8,8,"    private String radioservices;
    private String subservices;
    private String level;
    private String segmentname;
    private String startfrequency;","","String"
"Property:backend/src/main/java/com/freqmanage/module/planning/dto/PlanningCreateDTO.java:PlanningCreateDTO.segmentname","segmentname","backend/src/main/java/com/freqmanage/module/planning/dto/PlanningCreateDTO.java",9,9,"    private String subservices;
    private String level;
    private String segmentname;
    private String startfrequency;
    private String stopfrequency;","","String"
"Property:backend/src/main/java/com/freqmanage/module/planning/dto/PlanningCreateDTO.java:PlanningCreateDTO.startfrequency","startfrequency","backend/src/main/java/com/freqmanage/module/planning/dto/PlanningCreateDTO.java",10,10,"    private String level;
    private String segmentname;
    private String startfrequency;
    private String stopfrequency;
    private String step;","","String"
"Property:backend/src/main/java/com/freqmanage/module/planning/dto/PlanningCreateDTO.java:PlanningCreateDTO.stopfrequency","stopfrequency","backend/src/main/java/com/freqmanage/module/planning/dto/PlanningCreateDTO.java",11,11,"    private String segmentname;
    private String startfrequency;
    private String stopfrequency;
    private String step;
    private String bandwidth;","","String"
"Property:backend/src/main/java/com/freqmanage/module/planning/dto/PlanningCreateDTO.java:PlanningCreateDTO.step","step","backend/src/main/java/com/freqmanage/module/planning/dto/PlanningCreateDTO.java",12,12,"    private String startfrequency;
    private String stopfrequency;
    private String step;
    private String bandwidth;
    private String remark;","","String"
"Property:backend/src/main/java/com/freqmanage/module/planning/dto/PlanningCreateDTO.java:PlanningCreateDTO.bandwidth","bandwidth","backend/src/main/java/com/freqmanage/module/planning/dto/PlanningCreateDTO.java",13,13,"    private String stopfrequency;
    private String step;
    private String bandwidth;
    private String remark;
}","","String"
"Property:backend/src/main/java/com/freqmanage/module/planning/dto/PlanningCreateDTO.java:PlanningCreateDTO.remark","remark","backend/src/main/java/com/freqmanage/module/planning/dto/PlanningCreateDTO.java",14,14,"    private String step;
    private String bandwidth;
    private String remark;
}","","String"
"Property:backend/src/main/java/com/freqmanage/module/planning/dto/PlanningQueryDTO.java:PlanningQueryDTO.radioservices","radioservices","backend/src/main/java/com/freqmanage/module/planning/dto/PlanningQueryDTO.java",8,8,"@Data
public class PlanningQueryDTO extends com.freqmanage.common.QueryParam {
    private String radioservices;
    private String subservices;
    private String level;","","String"
"Property:backend/src/main/java/com/freqmanage/module/planning/dto/PlanningQueryDTO.java:PlanningQueryDTO.subservices","subservices","backend/src/main/java/com/freqmanage/module/planning/dto/PlanningQueryDTO.java",9,9,"public class PlanningQueryDTO extends com.freqmanage.common.QueryParam {
    private String radioservices;
    private String subservices;
    private String level;
    private String segmentname;","","String"
"Property:backend/src/main/java/com/freqmanage/module/planning/dto/PlanningQueryDTO.java:PlanningQueryDTO.level","level","backend/src/main/java/com/freqmanage/module/planning/dto/PlanningQueryDTO.java",10,10,"    private String radioservices;
    private String subservices;
    private String level;
    private String segmentname;
}","","String"
"Property:backend/src/main/java/com/freqmanage/module/planning/dto/PlanningQueryDTO.java:PlanningQueryDTO.segmentname","segmentname","backend/src/main/java/com/freqmanage/module/planning/dto/PlanningQueryDTO.java",11,11,"    private String subservices;
    private String level;
    private String segmentname;
}","","String"
"Property:backend/src/main/java/com/freqmanage/module/planning/dto/PlanningUpdateDTO.java:PlanningUpdateDTO.radioservices","radioservices","backend/src/main/java/com/freqmanage/module/planning/dto/PlanningUpdateDTO.java",6,6,"@Data
public class PlanningUpdateDTO {
    private String radioservices;
    private String subservices;
    private String level;","","String"
"Property:backend/src/main/java/com/freqmanage/module/planning/dto/PlanningUpdateDTO.java:PlanningUpdateDTO.subservices","subservices","backend/src/main/java/com/freqmanage/module/planning/dto/PlanningUpdateDTO.java",7,7,"public class PlanningUpdateDTO {
    private String radioservices;
    private String subservices;
    private String level;
    private String segmentname;","","String"
"Property:backend/src/main/java/com/freqmanage/module/planning/dto/PlanningUpdateDTO.java:PlanningUpdateDTO.level","level","backend/src/main/java/com/freqmanage/module/planning/dto/PlanningUpdateDTO.java",8,8,"    private String radioservices;
    private String subservices;
    private String level;
    private String segmentname;
    private String startfrequency;","","String"
"Property:backend/src/main/java/com/freqmanage/module/planning/dto/PlanningUpdateDTO.java:PlanningUpdateDTO.segmentname","segmentname","backend/src/main/java/com/freqmanage/module/planning/dto/PlanningUpdateDTO.java",9,9,"    private String subservices;
    private String level;
    private String segmentname;
    private String startfrequency;
    private String stopfrequency;","","String"
"Property:backend/src/main/java/com/freqmanage/module/planning/dto/PlanningUpdateDTO.java:PlanningUpdateDTO.startfrequency","startfrequency","backend/src/main/java/com/freqmanage/module/planning/dto/PlanningUpdateDTO.java",10,10,"    private String level;
    private String segmentname;
    private String startfrequency;
    private String stopfrequency;
    private String step;","","String"
"Property:backend/src/main/java/com/freqmanage/module/planning/dto/PlanningUpdateDTO.java:PlanningUpdateDTO.stopfrequency","stopfrequency","backend/src/main/java/com/freqmanage/module/planning/dto/PlanningUpdateDTO.java",11,11,"    private String segmentname;
    private String startfrequency;
    private String stopfrequency;
    private String step;
    private String bandwidth;","","String"
"Property:backend/src/main/java/com/freqmanage/module/planning/dto/PlanningUpdateDTO.java:PlanningUpdateDTO.step","step","backend/src/main/java/com/freqmanage/module/planning/dto/PlanningUpdateDTO.java",12,12,"    private String startfrequency;
    private String stopfrequency;
    private String step;
    private String bandwidth;
    private String remark;","","String"
"Property:backend/src/main/java/com/freqmanage/module/planning/dto/PlanningUpdateDTO.java:PlanningUpdateDTO.bandwidth","bandwidth","backend/src/main/java/com/freqmanage/module/planning/dto/PlanningUpdateDTO.java",13,13,"    private String stopfrequency;
    private String step;
    private String bandwidth;
    private String remark;
}","","String"
"Property:backend/src/main/java/com/freqmanage/module/planning/dto/PlanningUpdateDTO.java:PlanningUpdateDTO.remark","remark","backend/src/main/java/com/freqmanage/module/planning/dto/PlanningUpdateDTO.java",14,14,"    private String step;
    private String bandwidth;
    private String remark;
}","","String"
"Property:backend/src/main/java/com/freqmanage/module/planning/entity/RsbtPlanning.java:RsbtPlanning.guid","guid","backend/src/main/java/com/freqmanage/module/planning/entity/RsbtPlanning.java",9,10,"@TableName(""RSBT_PLANNNING"")
public class RsbtPlanning {
    @TableId(""GUID"")
    private String guid;
    private String radioservices;
    private String subservices;
","","String"
"Property:backend/src/main/java/com/freqmanage/module/planning/entity/RsbtPlanning.java:RsbtPlanning.radioservices","radioservices","backend/src/main/java/com/freqmanage/module/planning/entity/RsbtPlanning.java",11,11,"    @TableId(""GUID"")
    private String guid;
    private String radioservices;
    private String subservices;
    private String level;
","","String"
"Property:backend/src/main/java/com/freqmanage/module/planning/entity/RsbtPlanning.java:RsbtPlanning.subservices","subservices","backend/src/main/java/com/freqmanage/module/planning/entity/RsbtPlanning.java",12,12,"    private String guid;
    private String radioservices;
    private String subservices;
    private String level;
    private String segmentname;
","","String"
"Property:backend/src/main/java/com/freqmanage/module/planning/entity/RsbtPlanning.java:RsbtPlanning.level","level","backend/src/main/java/com/freqmanage/module/planning/entity/RsbtPlanning.java",13,13,"    private String radioservices;
    private String subservices;
    private String level;
    private String segmentname;
    private String startfrequency;
","","String"
"Property:backend/src/main/java/com/freqmanage/module/planning/entity/RsbtPlanning.java:RsbtPlanning.segmentname","segmentname","backend/src/main/java/com/freqmanage/module/planning/entity/RsbtPlanning.java",14,14,"    private String subservices;
    private String level;
    private String segmentname;
    private String startfrequency;
    private String stopfrequency;
","","String"
"Property:backend/src/main/java/com/freqmanage/module/planning/entity/RsbtPlanning.java:RsbtPlanning.startfrequency","startfrequency","backend/src/main/java/com/freqmanage/module/planning/entity/RsbtPlanning.java",15,15,"    private String level;
    private String segmentname;
    private String startfrequency;
    private String stopfrequency;
    private String step;
","","String"
"Property:backend/src/main/java/com/freqmanage/module/planning/entity/RsbtPlanning.java:RsbtPlanning.stopfrequency","stopfrequency","backend/src/main/java/com/freqmanage/module/planning/entity/RsbtPlanning.java",16,16,"    private String segmentname;
    private String startfrequency;
    private String stopfrequency;
    private String step;
    private String bandwidth;
","","String"
"Property:backend/src/main/java/com/freqmanage/module/planning/entity/RsbtPlanning.java:RsbtPlanning.step","step","backend/src/main/java/com/freqmanage/module/planning/entity/RsbtPlanning.java",17,17,"    private String startfrequency;
    private String stopfrequency;
    private String step;
    private String bandwidth;
    private String remark;
","","String"
"Property:backend/src/main/java/com/freqmanage/module/planning/entity/RsbtPlanning.java:RsbtPlanning.bandwidth","bandwidth","backend/src/main/java/com/freqmanage/module/planning/entity/RsbtPlanning.java",18,18,"    private String stopfrequency;
    private String step;
    private String bandwidth;
    private String remark;
}
","","String"
"Property:backend/src/main/java/com/freqmanage/module/planning/entity/RsbtPlanning.java:RsbtPlanning.remark","remark","backend/src/main/java/com/freqmanage/module/planning/entity/RsbtPlanning.java",19,19,"    private String step;
    private String bandwidth;
    private String remark;
}
","","String"
"Property:backend/src/main/java/com/freqmanage/module/planning/vo/PlanningOverviewVO.java:PlanningOverviewVO.totalCount","totalCount","backend/src/main/java/com/freqmanage/module/planning/vo/PlanningOverviewVO.java",6,6,"@Data
public class PlanningOverviewVO {
    private Long totalCount;
    private String minFrequency;
    private String maxFrequency;","","Long"
"Property:backend/src/main/java/com/freqmanage/module/planning/vo/PlanningOverviewVO.java:PlanningOverviewVO.minFrequency","minFrequency","backend/src/main/java/com/freqmanage/module/planning/vo/PlanningOverviewVO.java",7,7,"public class PlanningOverviewVO {
    private Long totalCount;
    private String minFrequency;
    private String maxFrequency;
    private Long serviceTypeCount;","","String"
"Property:backend/src/main/java/com/freqmanage/module/planning/vo/PlanningOverviewVO.java:PlanningOverviewVO.maxFrequency","maxFrequency","backend/src/main/java/com/freqmanage/module/planning/vo/PlanningOverviewVO.java",8,8,"    private Long totalCount;
    private String minFrequency;
    private String maxFrequency;
    private Long serviceTypeCount;
}","","String"
"Property:backend/src/main/java/com/freqmanage/module/planning/vo/PlanningOverviewVO.java:PlanningOverviewVO.serviceTypeCount","serviceTypeCount","backend/src/main/java/com/freqmanage/module/planning/vo/PlanningOverviewVO.java",9,9,"    private String minFrequency;
    private String maxFrequency;
    private Long serviceTypeCount;
}","","Long"
"Property:backend/src/main/java/com/freqmanage/module/station/controller/StationController.java:StationController.stationService","stationService","backend/src/main/java/com/freqmanage/module/station/controller/StationController.java",22,22,"@RequestMapping(""/api/station"")
public class StationController {
    private final StationService stationService;

    public StationController(StationService stationService) {","","StationService"
"Property:backend/src/main/java/com/freqmanage/module/station/dto/StationCreateDTO.java:StationCreateDTO.type","type","backend/src/main/java/com/freqmanage/module/station/dto/StationCreateDTO.java",9,9,"@Data
public class StationCreateDTO {
    private String type;
    private String technology;
    private String bbumodel;","","String"
"Property:backend/src/main/java/com/freqmanage/module/station/dto/StationCreateDTO.java:StationCreateDTO.technology","technology","backend/src/main/java/com/freqmanage/module/station/dto/StationCreateDTO.java",10,10,"public class StationCreateDTO {
    private String type;
    private String technology;
    private String bbumodel;
    private String ownedsite;","","String"
"Property:backend/src/main/java/com/freqmanage/module/station/dto/StationCreateDTO.java:StationCreateDTO.bbumodel","bbumodel","backend/src/main/java/com/freqmanage/module/station/dto/StationCreateDTO.java",11,11,"    private String type;
    private String technology;
    private String bbumodel;
    private String ownedsite;
    private String backbone;","","String"
"Property:backend/src/main/java/com/freqmanage/module/station/dto/StationCreateDTO.java:StationCreateDTO.ownedsite","ownedsite","backend/src/main/java/com/freqmanage/module/station/dto/StationCreateDTO.java",12,12,"    private String technology;
    private String bbumodel;
    private String ownedsite;
    private String backbone;
    private String stationpurpose;","","String"
"Property:backend/src/main/java/com/freqmanage/module/station/dto/StationCreateDTO.java:StationCreateDTO.backbone","backbone","backend/src/main/java/com/freqmanage/module/station/dto/StationCreateDTO.java",13,13,"    private String bbumodel;
    private String ownedsite;
    private String backbone;
    private String stationpurpose;
    private String modulation;","","String"
"Property:backend/src/main/java/com/freqmanage/module/station/dto/StationCreateDTO.java:StationCreateDTO.stationpurpose","stationpurpose","backend/src/main/java/com/freqmanage/module/station/dto/StationCreateDTO.java",14,14,"    private String ownedsite;
    private String backbone;
    private String stationpurpose;
    private String modulation;
    private String stationtype;","","String"
"Property:backend/src/main/java/com/freqmanage/module/station/dto/StationCreateDTO.java:StationCreateDTO.modulation","modulation","backend/src/main/java/com/freqmanage/module/station/dto/StationCreateDTO.java",15,15,"    private String backbone;
    private String stationpurpose;
    private String modulation;
    private String stationtype;
    private BigDecimal frequencyt;","","String"
"Property:backend/src/main/java/com/freqmanage/module/station/dto/StationCreateDTO.java:StationCreateDTO.stationtype","stationtype","backend/src/main/java/com/freqmanage/module/station/dto/StationCreateDTO.java",16,16,"    private String stationpurpose;
    private String modulation;
    private String stationtype;
    private BigDecimal frequencyt;
    private BigDecimal frequencyr;","","String"
"Property:backend/src/main/java/com/freqmanage/module/station/dto/StationCreateDTO.java:StationCreateDTO.frequencyt","frequencyt","backend/src/main/java/com/freqmanage/module/station/dto/StationCreateDTO.java",17,17,"    private String modulation;
    private String stationtype;
    private BigDecimal frequencyt;
    private BigDecimal frequencyr;
    private BigDecimal bandwidth;","","BigDecimal"
"Property:backend/src/main/java/com/freqmanage/module/station/dto/StationCreateDTO.java:StationCreateDTO.frequencyr","frequencyr","backend/src/main/java/com/freqmanage/module/station/dto/StationCreateDTO.java",18,18,"    private String stationtype;
    private BigDecimal frequencyt;
    private BigDecimal frequencyr;
    private BigDecimal bandwidth;
    private String devicemodel;","","BigDecimal"
"Property:backend/src/main/java/com/freqmanage/module/station/dto/StationCreateDTO.java:StationCreateDTO.bandwidth","bandwidth","backend/src/main/java/com/freqmanage/module/station/dto/StationCreateDTO.java",19,19,"    private BigDecimal frequencyt;
    private BigDecimal frequencyr;
    private BigDecimal bandwidth;
    private String devicemodel;
    private Integer devicequantity;","","BigDecimal"
"Property:backend/src/main/java/com/freqmanage/module/station/dto/StationCreateDTO.java:StationCreateDTO.devicemodel","devicemodel","backend/src/main/java/com/freqmanage/module/station/dto/StationCreateDTO.java",20,20,"    private BigDecimal frequencyr;
    private BigDecimal bandwidth;
    private String devicemodel;
    private Integer devicequantity;
    private BigDecimal outputpower;","","String"
"Property:backend/src/main/java/com/freqmanage/module/station/dto/StationCreateDTO.java:StationCreateDTO.devicequantity","devicequantity","backend/src/main/java/com/freqmanage/module/station/dto/StationCreateDTO.java",21,21,"    private BigDecimal bandwidth;
    private String devicemodel;
    private Integer devicequantity;
    private BigDecimal outputpower;
    private String anttype;","","Integer"
"Property:backend/src/main/java/com/freqmanage/module/station/dto/StationCreateDTO.java:StationCreateDTO.outputpower","outputpower","backend/src/main/java/com/freqmanage/module/station/dto/StationCreateDTO.java",22,22,"    private String devicemodel;
    private Integer devicequantity;
    private BigDecimal outputpower;
    private String anttype;
    private Integer antquantity;","","BigDecimal"
"Property:backend/src/main/java/com/freqmanage/module/station/dto/StationCreateDTO.java:StationCreateDTO.anttype","anttype","backend/src/main/java/com/freqmanage/module/station/dto/StationCreateDTO.java",23,23,"    private Integer devicequantity;
    private BigDecimal outputpower;
    private String anttype;
    private Integer antquantity;
    private String province;","","String"
"Property:backend/src/main/java/com/freqmanage/module/station/dto/StationCreateDTO.java:StationCreateDTO.antquantity","antquantity","backend/src/main/java/com/freqmanage/module/station/dto/StationCreateDTO.java",24,24,"    private BigDecimal outputpower;
    private String anttype;
    private Integer antquantity;
    private String province;
    private String district;","","Integer"
"Property:backend/src/main/java/com/freqmanage/module/station/dto/StationCreateDTO.java:StationCreateDTO.province","province","backend/src/main/java/com/freqmanage/module/station/dto/StationCreateDTO.java",25,25,"    private String anttype;
    private Integer antquantity;
    private String province;
    private String district;
    private String location;","","String"
"Property:backend/src/main/java/com/freqmanage/module/station/dto/StationCreateDTO.java:StationCreateDTO.district","district","backend/src/main/java/com/freqmanage/module/station/dto/StationCreateDTO.java",26,26,"    private Integer antquantity;
    private String province;
    private String district;
    private String location;
    private String sitename;","","String"
"Property:backend/src/main/java/com/freqmanage/module/station/dto/StationCreateDTO.java:StationCreateDTO.location","location","backend/src/main/java/com/freqmanage/module/station/dto/StationCreateDTO.java",27,27,"    private String province;
    private String district;
    private String location;
    private String sitename;
    private String unit;","","String"
"Property:backend/src/main/java/com/freqmanage/module/station/dto/StationCreateDTO.java:StationCreateDTO.sitename","sitename","backend/src/main/java/com/freqmanage/module/station/dto/StationCreateDTO.java",28,28,"    private String district;
    private String location;
    private String sitename;
    private String unit;
    private String equipname;","","String"
"Property:backend/src/main/java/com/freqmanage/module/station/dto/StationCreateDTO.java:StationCreateDTO.unit","unit","backend/src/main/java/com/freqmanage/module/station/dto/StationCreateDTO.java",29,29,"    private String location;
    private String sitename;
    private String unit;
    private String equipname;
    private BigDecimal longitude;","","String"
"Property:backend/src/main/java/com/freqmanage/module/station/dto/StationCreateDTO.java:StationCreateDTO.equipname","equipname","backend/src/main/java/com/freqmanage/module/station/dto/StationCreateDTO.java",30,30,"    private String sitename;
    private String unit;
    private String equipname;
    private BigDecimal longitude;
    private BigDecimal latitude;","","String"
"Property:backend/src/main/java/com/freqmanage/module/station/dto/StationCreateDTO.java:StationCreateDTO.longitude","longitude","backend/src/main/java/com/freqmanage/module/station/dto/StationCreateDTO.java",31,31,"    private String unit;
    private String equipname;
    private BigDecimal longitude;
    private BigDecimal latitude;
    private LocalDate startdate;","","BigDecimal"
"Property:backend/src/main/java/com/freqmanage/module/station/dto/StationCreateDTO.java:StationCreateDTO.latitude","latitude","backend/src/main/java/com/freqmanage/module/station/dto/StationCreateDTO.java",32,32,"    private String equipname;
    private BigDecimal longitude;
    private BigDecimal latitude;
    private LocalDate startdate;
    private LocalDate expirationdate;","","BigDecimal"
"Property:backend/src/main/java/com/freqmanage/module/station/dto/StationCreateDTO.java:StationCreateDTO.startdate","startdate","backend/src/main/java/com/freqmanage/module/station/dto/StationCreateDTO.java",33,33,"    private BigDecimal longitude;
    private BigDecimal latitude;
    private LocalDate startdate;
    private LocalDate expirationdate;
}","","LocalDate"
"Property:backend/src/main/java/com/freqmanage/module/station/dto/StationCreateDTO.java:StationCreateDTO.expirationdate","expirationdate","backend/src/main/java/com/freqmanage/module/station/dto/StationCreateDTO.java",34,34,"    private BigDecimal latitude;
    private LocalDate startdate;
    private LocalDate expirationdate;
}","","LocalDate"
"Property:backend/src/main/java/com/freqmanage/module/station/dto/StationQueryDTO.java:StationQueryDTO.type","type","backend/src/main/java/com/freqmanage/module/station/dto/StationQueryDTO.java",10,10,"@Data
public class StationQueryDTO extends com.freqmanage.common.QueryParam {
    private String type;
    private String technology;
    private String province;","","String"
"Property:backend/src/main/java/com/freqmanage/module/station/dto/StationQueryDTO.java:StationQueryDTO.technology","technology","backend/src/main/java/com/freqmanage/module/station/dto/StationQueryDTO.java",11,11,"public class StationQueryDTO extends com.freqmanage.common.QueryParam {
    private String type;
    private String technology;
    private String province;
    private String district;","","String"
"Property:backend/src/main/java/com/freqmanage/module/station/dto/StationQueryDTO.java:StationQueryDTO.province","province","backend/src/main/java/com/freqmanage/module/station/dto/StationQueryDTO.java",12,12,"    private String type;
    private String technology;
    private String province;
    private String district;
    private String stationtype;","","String"
"Property:backend/src/main/java/com/freqmanage/module/station/dto/StationQueryDTO.java:StationQueryDTO.district","district","backend/src/main/java/com/freqmanage/module/station/dto/StationQueryDTO.java",13,13,"    private String technology;
    private String province;
    private String district;
    private String stationtype;
    private LocalDate startDateFrom;","","String"
"Property:backend/src/main/java/com/freqmanage/module/station/dto/StationQueryDTO.java:StationQueryDTO.stationtype","stationtype","backend/src/main/java/com/freqmanage/module/station/dto/StationQueryDTO.java",14,14,"    private String province;
    private String district;
    private String stationtype;
    private LocalDate startDateFrom;
    private LocalDate startDateTo;","","String"
"Property:backend/src/main/java/com/freqmanage/module/station/dto/StationQueryDTO.java:StationQueryDTO.startDateFrom","startDateFrom","backend/src/main/java/com/freqmanage/module/station/dto/StationQueryDTO.java",15,15,"    private String district;
    private String stationtype;
    private LocalDate startDateFrom;
    private LocalDate startDateTo;
    private LocalDate expirationDateFrom;","","LocalDate"
"Property:backend/src/main/java/com/freqmanage/module/station/dto/StationQueryDTO.java:StationQueryDTO.startDateTo","startDateTo","backend/src/main/java/com/freqmanage/module/station/dto/StationQueryDTO.java",16,16,"    private String stationtype;
    private LocalDate startDateFrom;
    private LocalDate startDateTo;
    private LocalDate expirationDateFrom;
    private LocalDate expirationDateTo;","","LocalDate"
"Property:backend/src/main/java/com/freqmanage/module/station/dto/StationQueryDTO.java:StationQueryDTO.expirationDateFrom","expirationDateFrom","backend/src/main/java/com/freqmanage/module/station/dto/StationQueryDTO.java",17,17,"    private LocalDate startDateFrom;
    private LocalDate startDateTo;
    private LocalDate expirationDateFrom;
    private LocalDate expirationDateTo;
}","","LocalDate"
"Property:backend/src/main/java/com/freqmanage/module/station/dto/StationQueryDTO.java:StationQueryDTO.expirationDateTo","expirationDateTo","backend/src/main/java/com/freqmanage/module/station/dto/StationQueryDTO.java",18,18,"    private LocalDate startDateTo;
    private LocalDate expirationDateFrom;
    private LocalDate expirationDateTo;
}","","LocalDate"
"Property:backend/src/main/java/com/freqmanage/module/station/dto/StationUpdateDTO.java:StationUpdateDTO.type","type","backend/src/main/java/com/freqmanage/module/station/dto/StationUpdateDTO.java",9,9,"@Data
public class StationUpdateDTO {
    private String type;
    private String technology;
    private String bbumodel;","","String"
"Property:backend/src/main/java/com/freqmanage/module/station/dto/StationUpdateDTO.java:StationUpdateDTO.technology","technology","backend/src/main/java/com/freqmanage/module/station/dto/StationUpdateDTO.java",10,10,"public class StationUpdateDTO {
    private String type;
    private String technology;
    private String bbumodel;
    private String ownedsite;","","String"
"Property:backend/src/main/java/com/freqmanage/module/station/dto/StationUpdateDTO.java:StationUpdateDTO.bbumodel","bbumodel","backend/src/main/java/com/freqmanage/module/station/dto/StationUpdateDTO.java",11,11,"    private String type;
    private String technology;
    private String bbumodel;
    private String ownedsite;
    private String backbone;","","String"
"Property:backend/src/main/java/com/freqmanage/module/station/dto/StationUpdateDTO.java:StationUpdateDTO.ownedsite","ownedsite","backend/src/main/java/com/freqmanage/module/station/dto/StationUpdateDTO.java",12,12,"    private String technology;
    private String bbumodel;
    private String ownedsite;
    private String backbone;
    private String stationpurpose;","","String"
"Property:backend/src/main/java/com/freqmanage/module/station/dto/StationUpdateDTO.java:StationUpdateDTO.backbone","backbone","backend/src/main/java/com/freqmanage/module/station/dto/StationUpdateDTO.java",13,13,"    private String bbumodel;
    private String ownedsite;
    private String backbone;
    private String stationpurpose;
    private String modulation;","","String"
"Property:backend/src/main/java/com/freqmanage/module/station/dto/StationUpdateDTO.java:StationUpdateDTO.stationpurpose","stationpurpose","backend/src/main/java/com/freqmanage/module/station/dto/StationUpdateDTO.java",14,14,"    private String ownedsite;
    private String backbone;
    private String stationpurpose;
    private String modulation;
    private String stationtype;","","String"
"Property:backend/src/main/java/com/freqmanage/module/station/dto/StationUpdateDTO.java:StationUpdateDTO.modulation","modulation","backend/src/main/java/com/freqmanage/module/station/dto/StationUpdateDTO.java",15,15,"    private String backbone;
    private String stationpurpose;
    private String modulation;
    private String stationtype;
    private BigDecimal frequencyt;","","String"
"Property:backend/src/main/java/com/freqmanage/module/station/dto/StationUpdateDTO.java:StationUpdateDTO.stationtype","stationtype","backend/src/main/java/com/freqmanage/module/station/dto/StationUpdateDTO.java",16,16,"    private String stationpurpose;
    private String modulation;
    private String stationtype;
    private BigDecimal frequencyt;
    private BigDecimal frequencyr;","","String"
"Property:backend/src/main/java/com/freqmanage/module/station/dto/StationUpdateDTO.java:StationUpdateDTO.frequencyt","frequencyt","backend/src/main/java/com/freqmanage/module/station/dto/StationUpdateDTO.java",17,17,"    private String modulation;
    private String stationtype;
    private BigDecimal frequencyt;
    private BigDecimal frequencyr;
    private BigDecimal bandwidth;","","BigDecimal"
"Property:backend/src/main/java/com/freqmanage/module/station/dto/StationUpdateDTO.java:StationUpdateDTO.frequencyr","frequencyr","backend/src/main/java/com/freqmanage/module/station/dto/StationUpdateDTO.java",18,18,"    private String stationtype;
    private BigDecimal frequencyt;
    private BigDecimal frequencyr;
    private BigDecimal bandwidth;
    private String devicemodel;","","BigDecimal"
"Property:backend/src/main/java/com/freqmanage/module/station/dto/StationUpdateDTO.java:StationUpdateDTO.bandwidth","bandwidth","backend/src/main/java/com/freqmanage/module/station/dto/StationUpdateDTO.java",19,19,"    private BigDecimal frequencyt;
    private BigDecimal frequencyr;
    private BigDecimal bandwidth;
    private String devicemodel;
    private Integer devicequantity;","","BigDecimal"
"Property:backend/src/main/java/com/freqmanage/module/station/dto/StationUpdateDTO.java:StationUpdateDTO.devicemodel","devicemodel","backend/src/main/java/com/freqmanage/module/station/dto/StationUpdateDTO.java",20,20,"    private BigDecimal frequencyr;
    private BigDecimal bandwidth;
    private String devicemodel;
    private Integer devicequantity;
    private BigDecimal outputpower;","","String"
"Property:backend/src/main/java/com/freqmanage/module/station/dto/StationUpdateDTO.java:StationUpdateDTO.devicequantity","devicequantity","backend/src/main/java/com/freqmanage/module/station/dto/StationUpdateDTO.java",21,21,"    private BigDecimal bandwidth;
    private String devicemodel;
    private Integer devicequantity;
    private BigDecimal outputpower;
    private String anttype;","","Integer"
"Property:backend/src/main/java/com/freqmanage/module/station/dto/StationUpdateDTO.java:StationUpdateDTO.outputpower","outputpower","backend/src/main/java/com/freqmanage/module/station/dto/StationUpdateDTO.java",22,22,"    private String devicemodel;
    private Integer devicequantity;
    private BigDecimal outputpower;
    private String anttype;
    private Integer antquantity;","","BigDecimal"
"Property:backend/src/main/java/com/freqmanage/module/station/dto/StationUpdateDTO.java:StationUpdateDTO.anttype","anttype","backend/src/main/java/com/freqmanage/module/station/dto/StationUpdateDTO.java",23,23,"    private Integer devicequantity;
    private BigDecimal outputpower;
    private String anttype;
    private Integer antquantity;
    private String province;","","String"
"Property:backend/src/main/java/com/freqmanage/module/station/dto/StationUpdateDTO.java:StationUpdateDTO.antquantity","antquantity","backend/src/main/java/com/freqmanage/module/station/dto/StationUpdateDTO.java",24,24,"    private BigDecimal outputpower;
    private String anttype;
    private Integer antquantity;
    private String province;
    private String district;","","Integer"
"Property:backend/src/main/java/com/freqmanage/module/station/dto/StationUpdateDTO.java:StationUpdateDTO.province","province","backend/src/main/java/com/freqmanage/module/station/dto/StationUpdateDTO.java",25,25,"    private String anttype;
    private Integer antquantity;
    private String province;
    private String district;
    private String location;","","String"
"Property:backend/src/main/java/com/freqmanage/module/station/dto/StationUpdateDTO.java:StationUpdateDTO.district","district","backend/src/main/java/com/freqmanage/module/station/dto/StationUpdateDTO.java",26,26,"    private Integer antquantity;
    private String province;
    private String district;
    private String location;
    private String sitename;","","String"
"Property:backend/src/main/java/com/freqmanage/module/station/dto/StationUpdateDTO.java:StationUpdateDTO.location","location","backend/src/main/java/com/freqmanage/module/station/dto/StationUpdateDTO.java",27,27,"    private String province;
    private String district;
    private String location;
    private String sitename;
    private String unit;","","String"
"Property:backend/src/main/java/com/freqmanage/module/station/dto/StationUpdateDTO.java:StationUpdateDTO.sitename","sitename","backend/src/main/java/com/freqmanage/module/station/dto/StationUpdateDTO.java",28,28,"    private String district;
    private String location;
    private String sitename;
    private String unit;
    private String equipname;","","String"
"Property:backend/src/main/java/com/freqmanage/module/station/dto/StationUpdateDTO.java:StationUpdateDTO.unit","unit","backend/src/main/java/com/freqmanage/module/station/dto/StationUpdateDTO.java",29,29,"    private String location;
    private String sitename;
    private String unit;
    private String equipname;
    private BigDecimal longitude;","","String"
"Property:backend/src/main/java/com/freqmanage/module/station/dto/StationUpdateDTO.java:StationUpdateDTO.equipname","equipname","backend/src/main/java/com/freqmanage/module/station/dto/StationUpdateDTO.java",30,30,"    private String sitename;
    private String unit;
    private String equipname;
    private BigDecimal longitude;
    private BigDecimal latitude;","","String"
"Property:backend/src/main/java/com/freqmanage/module/station/dto/StationUpdateDTO.java:StationUpdateDTO.longitude","longitude","backend/src/main/java/com/freqmanage/module/station/dto/StationUpdateDTO.java",31,31,"    private String unit;
    private String equipname;
    private BigDecimal longitude;
    private BigDecimal latitude;
    private LocalDate startdate;","","BigDecimal"
"Property:backend/src/main/java/com/freqmanage/module/station/dto/StationUpdateDTO.java:StationUpdateDTO.latitude","latitude","backend/src/main/java/com/freqmanage/module/station/dto/StationUpdateDTO.java",32,32,"    private String equipname;
    private BigDecimal longitude;
    private BigDecimal latitude;
    private LocalDate startdate;
    private LocalDate expirationdate;","","BigDecimal"
"Property:backend/src/main/java/com/freqmanage/module/station/dto/StationUpdateDTO.java:StationUpdateDTO.startdate","startdate","backend/src/main/java/com/freqmanage/module/station/dto/StationUpdateDTO.java",33,33,"    private BigDecimal longitude;
    private BigDecimal latitude;
    private LocalDate startdate;
    private LocalDate expirationdate;
}","","LocalDate"
"Property:backend/src/main/java/com/freqmanage/module/station/dto/StationUpdateDTO.java:StationUpdateDTO.expirationdate","expirationdate","backend/src/main/java/com/freqmanage/module/station/dto/StationUpdateDTO.java",34,34,"    private BigDecimal latitude;
    private LocalDate startdate;
    private LocalDate expirationdate;
}","","LocalDate"
"Property:backend/src/main/java/com/freqmanage/module/station/entity/RsbtStation.java:RsbtStation.guid","guid","backend/src/main/java/com/freqmanage/module/station/entity/RsbtStation.java",13,14,"@TableName(""RSBT_STATION"")
public class RsbtStation {
    @TableId(""GUID"")
    private String guid;
    private String type;
    private String technology;
","","String"
"Property:backend/src/main/java/com/freqmanage/module/station/entity/RsbtStation.java:RsbtStation.type","type","backend/src/main/java/com/freqmanage/module/station/entity/RsbtStation.java",15,15,"    @TableId(""GUID"")
    private String guid;
    private String type;
    private String technology;
    private String bbumodel;
","","String"
"Property:backend/src/main/java/com/freqmanage/module/station/entity/RsbtStation.java:RsbtStation.technology","technology","backend/src/main/java/com/freqmanage/module/station/entity/RsbtStation.java",16,16,"    private String guid;
    private String type;
    private String technology;
    private String bbumodel;
    private String ownedsite;
","","String"
"Property:backend/src/main/java/com/freqmanage/module/station/entity/RsbtStation.java:RsbtStation.bbumodel","bbumodel","backend/src/main/java/com/freqmanage/module/station/entity/RsbtStation.java",17,17,"    private String type;
    private String technology;
    private String bbumodel;
    private String ownedsite;
    private String backbone;
","","String"
"Property:backend/src/main/java/com/freqmanage/module/station/entity/RsbtStation.java:RsbtStation.ownedsite","ownedsite","backend/src/main/java/com/freqmanage/module/station/entity/RsbtStation.java",18,18,"    private String technology;
    private String bbumodel;
    private String ownedsite;
    private String backbone;
    private String stationpurpose;
","","String"
"Property:backend/src/main/java/com/freqmanage/module/station/entity/RsbtStation.java:RsbtStation.backbone","backbone","backend/src/main/java/com/freqmanage/module/station/entity/RsbtStation.java",19,19,"    private String bbumodel;
    private String ownedsite;
    private String backbone;
    private String stationpurpose;
    private String modulation;
","","String"
"Property:backend/src/main/java/com/freqmanage/module/station/entity/RsbtStation.java:RsbtStation.stationpurpose","stationpurpose","backend/src/main/java/com/freqmanage/module/station/entity/RsbtStation.java",20,20,"    private String ownedsite;
    private String backbone;
    private String stationpurpose;
    private String modulation;
    private String stationtype;
","","String"
"Property:backend/src/main/java/com/freqmanage/module/station/entity/RsbtStation.java:RsbtStation.modulation","modulation","backend/src/main/java/com/freqmanage/module/station/entity/RsbtStation.java",21,21,"    private String backbone;
    private String stationpurpose;
    private String modulation;
    private String stationtype;
    private BigDecimal frequencyt;
","","String"
"Property:backend/src/main/java/com/freqmanage/module/station/entity/RsbtStation.java:RsbtStation.stationtype","stationtype","backend/src/main/java/com/freqmanage/module/station/entity/RsbtStation.java",22,22,"    private String stationpurpose;
    private String modulation;
    private String stationtype;
    private BigDecimal frequencyt;
    private BigDecimal frequencyr;
","","String"
"Property:backend/src/main/java/com/freqmanage/module/station/entity/RsbtStation.java:RsbtStation.frequencyt","frequencyt","backend/src/main/java/com/freqmanage/module/station/entity/RsbtStation.java",23,23,"    private String modulation;
    private String stationtype;
    private BigDecimal frequencyt;
    private BigDecimal frequencyr;
    private BigDecimal bandwidth;
","","BigDecimal"
"Property:backend/src/main/java/com/freqmanage/module/station/entity/RsbtStation.java:RsbtStation.frequencyr","frequencyr","backend/src/main/java/com/freqmanage/module/station/entity/RsbtStation.java",24,24,"    private String stationtype;
    private BigDecimal frequencyt;
    private BigDecimal frequencyr;
    private BigDecimal bandwidth;
    private String devicemodel;
","","BigDecimal"
"Property:backend/src/main/java/com/freqmanage/module/station/entity/RsbtStation.java:RsbtStation.bandwidth","bandwidth","backend/src/main/java/com/freqmanage/module/station/entity/RsbtStation.java",25,25,"    private BigDecimal frequencyt;
    private BigDecimal frequencyr;
    private BigDecimal bandwidth;
    private String devicemodel;
    private Integer devicequantity;
","","BigDecimal"
"Property:backend/src/main/java/com/freqmanage/module/station/entity/RsbtStation.java:RsbtStation.devicemodel","devicemodel","backend/src/main/java/com/freqmanage/module/station/entity/RsbtStation.java",26,26,"    private BigDecimal frequencyr;
    private BigDecimal bandwidth;
    private String devicemodel;
    private Integer devicequantity;
    private BigDecimal outputpower;
","","String"
"Property:backend/src/main/java/com/freqmanage/module/station/entity/RsbtStation.java:RsbtStation.devicequantity","devicequantity","backend/src/main/java/com/freqmanage/module/station/entity/RsbtStation.java",27,27,"    private BigDecimal bandwidth;
    private String devicemodel;
    private Integer devicequantity;
    private BigDecimal outputpower;
    private String anttype;
","","Integer"
"Property:backend/src/main/java/com/freqmanage/module/station/entity/RsbtStation.java:RsbtStation.outputpower","outputpower","backend/src/main/java/com/freqmanage/module/station/entity/RsbtStation.java",28,28,"    private String devicemodel;
    private Integer devicequantity;
    private BigDecimal outputpower;
    private String anttype;
    private Integer antquantity;
","","BigDecimal"
"Property:backend/src/main/java/com/freqmanage/module/station/entity/RsbtStation.java:RsbtStation.anttype","anttype","backend/src/main/java/com/freqmanage/module/station/entity/RsbtStation.java",29,29,"    private Integer devicequantity;
    private BigDecimal outputpower;
    private String anttype;
    private Integer antquantity;
    private String province;
","","String"
"Property:backend/src/main/java/com/freqmanage/module/station/entity/RsbtStation.java:RsbtStation.antquantity","antquantity","backend/src/main/java/com/freqmanage/module/station/entity/RsbtStation.java",30,30,"    private BigDecimal outputpower;
    private String anttype;
    private Integer antquantity;
    private String province;
    private String district;
","","Integer"
"Property:backend/src/main/java/com/freqmanage/module/station/entity/RsbtStation.java:RsbtStation.province","province","backend/src/main/java/com/freqmanage/module/station/entity/RsbtStation.java",31,31,"    private String anttype;
    private Integer antquantity;
    private String province;
    private String district;
    private String location;
","","String"
"Property:backend/src/main/java/com/freqmanage/module/station/entity/RsbtStation.java:RsbtStation.district","district","backend/src/main/java/com/freqmanage/module/station/entity/RsbtStation.java",32,32,"    private Integer antquantity;
    private String province;
    private String district;
    private String location;
    private String sitename;
","","String"
"Property:backend/src/main/java/com/freqmanage/module/station/entity/RsbtStation.java:RsbtStation.location","location","backend/src/main/java/com/freqmanage/module/station/entity/RsbtStation.java",33,33,"    private String province;
    private String district;
    private String location;
    private String sitename;
    private String unit;           // 设台单位
","","String"
"Property:backend/src/main/java/com/freqmanage/module/station/entity/RsbtStation.java:RsbtStation.sitename","sitename","backend/src/main/java/com/freqmanage/module/station/entity/RsbtStation.java",34,34,"    private String district;
    private String location;
    private String sitename;
    private String unit;           // 设台单位
    private String equipname;      // 设备名称
","","String"
"Property:backend/src/main/java/com/freqmanage/module/station/entity/RsbtStation.java:RsbtStation.unit","unit","backend/src/main/java/com/freqmanage/module/station/entity/RsbtStation.java",35,35,"    private String location;
    private String sitename;
    private String unit;           // 设台单位
    private String equipname;      // 设备名称
    private BigDecimal longitude;
","","String"
"Property:backend/src/main/java/com/freqmanage/module/station/entity/RsbtStation.java:RsbtStation.equipname","equipname","backend/src/main/java/com/freqmanage/module/station/entity/RsbtStation.java",36,36,"    private String sitename;
    private String unit;           // 设台单位
    private String equipname;      // 设备名称
    private BigDecimal longitude;
    private BigDecimal latitude;
","","String"
"Property:backend/src/main/java/com/freqmanage/module/station/entity/RsbtStation.java:RsbtStation.longitude","longitude","backend/src/main/java/com/freqmanage/module/station/entity/RsbtStation.java",37,37,"    private String unit;           // 设台单位
    private String equipname;      // 设备名称
    private BigDecimal longitude;
    private BigDecimal latitude;
    private LocalDate startdate;
","","BigDecimal"
"Property:backend/src/main/java/com/freqmanage/module/station/entity/RsbtStation.java:RsbtStation.latitude","latitude","backend/src/main/java/com/freqmanage/module/station/entity/RsbtStation.java",38,38,"    private String equipname;      // 设备名称
    private BigDecimal longitude;
    private BigDecimal latitude;
    private LocalDate startdate;
    private LocalDate expirationdate;
","","BigDecimal"
"Property:backend/src/main/java/com/freqmanage/module/station/entity/RsbtStation.java:RsbtStation.startdate","startdate","backend/src/main/java/com/freqmanage/module/station/entity/RsbtStation.java",39,39,"    private BigDecimal longitude;
    private BigDecimal latitude;
    private LocalDate startdate;
    private LocalDate expirationdate;
    private LocalDateTime createTime;
","","LocalDate"
"Property:backend/src/main/java/com/freqmanage/module/station/entity/RsbtStation.java:RsbtStation.expirationdate","expirationdate","backend/src/main/java/com/freqmanage/module/station/entity/RsbtStation.java",40,40,"    private BigDecimal latitude;
    private LocalDate startdate;
    private LocalDate expirationdate;
    private LocalDateTime createTime;
    private LocalDateTime updateTime;
","","LocalDate"
"Property:backend/src/main/java/com/freqmanage/module/station/entity/RsbtStation.java:RsbtStation.createTime","createTime","backend/src/main/java/com/freqmanage/module/station/entity/RsbtStation.java",41,41,"    private LocalDate startdate;
    private LocalDate expirationdate;
    private LocalDateTime createTime;
    private LocalDateTime updateTime;
    private Integer deleted;
","","LocalDateTime"
"Property:backend/src/main/java/com/freqmanage/module/station/entity/RsbtStation.java:RsbtStation.updateTime","updateTime","backend/src/main/java/com/freqmanage/module/station/entity/RsbtStation.java",42,42,"    private LocalDate expirationdate;
    private LocalDateTime createTime;
    private LocalDateTime updateTime;
    private Integer deleted;
}
","","LocalDateTime"
"Property:backend/src/main/java/com/freqmanage/module/station/entity/RsbtStation.java:RsbtStation.deleted","deleted","backend/src/main/java/com/freqmanage/module/station/entity/RsbtStation.java",43,43,"    private LocalDateTime createTime;
    private LocalDateTime updateTime;
    private Integer deleted;
}
","","Integer"
"Property:backend/src/main/java/com/freqmanage/module/station/vo/StationMapVO.java:StationMapVO.guid","guid","backend/src/main/java/com/freqmanage/module/station/vo/StationMapVO.java",8,8,"@Data
public class StationMapVO {
    private String guid;
    private String sitename;
    private BigDecimal longitude;","","String"
"Property:backend/src/main/java/com/freqmanage/module/station/vo/StationMapVO.java:StationMapVO.sitename","sitename","backend/src/main/java/com/freqmanage/module/station/vo/StationMapVO.java",9,9,"public class StationMapVO {
    private String guid;
    private String sitename;
    private BigDecimal longitude;
    private BigDecimal latitude;","","String"
"Property:backend/src/main/java/com/freqmanage/module/station/vo/StationMapVO.java:StationMapVO.longitude","longitude","backend/src/main/java/com/freqmanage/module/station/vo/StationMapVO.java",10,10,"    private String guid;
    private String sitename;
    private BigDecimal longitude;
    private BigDecimal latitude;
    private String type;","","BigDecimal"
"Property:backend/src/main/java/com/freqmanage/module/station/vo/StationMapVO.java:StationMapVO.latitude","latitude","backend/src/main/java/com/freqmanage/module/station/vo/StationMapVO.java",11,11,"    private String sitename;
    private BigDecimal longitude;
    private BigDecimal latitude;
    private String type;
    private String stationtype;","","BigDecimal"
"Property:backend/src/main/java/com/freqmanage/module/station/vo/StationMapVO.java:StationMapVO.type","type","backend/src/main/java/com/freqmanage/module/station/vo/StationMapVO.java",12,12,"    private BigDecimal longitude;
    private BigDecimal latitude;
    private String type;
    private String stationtype;
","","String"
"Property:backend/src/main/java/com/freqmanage/module/station/vo/StationMapVO.java:StationMapVO.stationtype","stationtype","backend/src/main/java/com/freqmanage/module/station/vo/StationMapVO.java",13,13,"    private BigDecimal latitude;
    private String type;
    private String stationtype;

    // 新增字段","","String"
"Property:backend/src/main/java/com/freqmanage/module/station/vo/StationMapVO.java:StationMapVO.frequency","frequency","backend/src/main/java/com/freqmanage/module/station/vo/StationMapVO.java",16,16,"
    // 新增字段
    private String frequency;       // 显示用频率字符串，如 ""1800–1900 MHz""，由 FREQUENCYT + FREQUENCYR 拼装
    private BigDecimal freqMHz;     // 中心频率 MHz (数值)，用于筛选
    private String unit;            // 设台单位","","String"
"Property:backend/src/main/java/com/freqmanage/module/station/vo/StationMapVO.java:StationMapVO.freqMHz","freqMHz","backend/src/main/java/com/freqmanage/module/station/vo/StationMapVO.java",17,17,"    // 新增字段
    private String frequency;       // 显示用频率字符串，如 ""1800–1900 MHz""，由 FREQUENCYT + FREQUENCYR 拼装
    private BigDecimal freqMHz;     // 中心频率 MHz (数值)，用于筛选
    private String unit;            // 设台单位
    private String equipName;        // 设备名称","","BigDecimal"
"Property:backend/src/main/java/com/freqmanage/module/station/vo/StationMapVO.java:StationMapVO.unit","unit","backend/src/main/java/com/freqmanage/module/station/vo/StationMapVO.java",18,18,"    private String frequency;       // 显示用频率字符串，如 ""1800–1900 MHz""，由 FREQUENCYT + FREQUENCYR 拼装
    private BigDecimal freqMHz;     // 中心频率 MHz (数值)，用于筛选
    private String unit;            // 设台单位
    private String equipName;        // 设备名称
    private String equipModel;      // 设备型号 (复用 DEVICEMODEL)","","String"
"Property:backend/src/main/java/com/freqmanage/module/station/vo/StationMapVO.java:StationMapVO.equipName","equipName","backend/src/main/java/com/freqmanage/module/station/vo/StationMapVO.java",19,19,"    private BigDecimal freqMHz;     // 中心频率 MHz (数值)，用于筛选
    private String unit;            // 设台单位
    private String equipName;        // 设备名称
    private String equipModel;      // 设备型号 (复用 DEVICEMODEL)
    private String expiry;          // 有效期 (EXPIRATIONDATE 格式化为 yyyy-MM-dd)","","String"
"Property:backend/src/main/java/com/freqmanage/module/station/vo/StationMapVO.java:StationMapVO.equipModel","equipModel","backend/src/main/java/com/freqmanage/module/station/vo/StationMapVO.java",20,20,"    private String unit;            // 设台单位
    private String equipName;        // 设备名称
    private String equipModel;      // 设备型号 (复用 DEVICEMODEL)
    private String expiry;          // 有效期 (EXPIRATIONDATE 格式化为 yyyy-MM-dd)
    private String power;           // 功率 (OUTPUTPOWER + 'W')","","String"
"Property:backend/src/main/java/com/freqmanage/module/station/vo/StationMapVO.java:StationMapVO.expiry","expiry","backend/src/main/java/com/freqmanage/module/station/vo/StationMapVO.java",21,21,"    private String equipName;        // 设备名称
    private String equipModel;      // 设备型号 (复用 DEVICEMODEL)
    private String expiry;          // 有效期 (EXPIRATIONDATE 格式化为 yyyy-MM-dd)
    private String power;           // 功率 (OUTPUTPOWER + 'W')
    private String status;           // normal / expiring / expired (由 EXPIRATIONDATE 推算)","","String"
"Property:backend/src/main/java/com/freqmanage/module/station/vo/StationMapVO.java:StationMapVO.power","power","backend/src/main/java/com/freqmanage/module/station/vo/StationMapVO.java",22,22,"    private String equipModel;      // 设备型号 (复用 DEVICEMODEL)
    private String expiry;          // 有效期 (EXPIRATIONDATE 格式化为 yyyy-MM-dd)
    private String power;           // 功率 (OUTPUTPOWER + 'W')
    private String status;           // normal / expiring / expired (由 EXPIRATIONDATE 推算)
    private String province;        // 省份","","String"
"Property:backend/src/main/java/com/freqmanage/module/station/vo/StationMapVO.java:StationMapVO.status","status","backend/src/main/java/com/freqmanage/module/station/vo/StationMapVO.java",23,23,"    private String expiry;          // 有效期 (EXPIRATIONDATE 格式化为 yyyy-MM-dd)
    private String power;           // 功率 (OUTPUTPOWER + 'W')
    private String status;           // normal / expiring / expired (由 EXPIRATIONDATE 推算)
    private String province;        // 省份
}","","String"
"Property:backend/src/main/java/com/freqmanage/module/station/vo/StationMapVO.java:StationMapVO.province","province","backend/src/main/java/com/freqmanage/module/station/vo/StationMapVO.java",24,24,"    private String power;           // 功率 (OUTPUTPOWER + 'W')
    private String status;           // normal / expiring / expired (由 EXPIRATIONDATE 推算)
    private String province;        // 省份
}
","","String"
"Property:backend/src/main/java/com/freqmanage/module/station/vo/StationStatsVO.java:StationStatsVO.totalCount","totalCount","backend/src/main/java/com/freqmanage/module/station/vo/StationStatsVO.java",6,6,"@Data
public class StationStatsVO {
    private Long totalCount;
    private Long validCount;
    private Long expiredCount;","","Long"
"Property:backend/src/main/java/com/freqmanage/module/station/vo/StationStatsVO.java:StationStatsVO.validCount","validCount","backend/src/main/java/com/freqmanage/module/station/vo/StationStatsVO.java",7,7,"public class StationStatsVO {
    private Long totalCount;
    private Long validCount;
    private Long expiredCount;
    private String topProvince;","","Long"
"Property:backend/src/main/java/com/freqmanage/module/station/vo/StationStatsVO.java:StationStatsVO.expiredCount","expiredCount","backend/src/main/java/com/freqmanage/module/station/vo/StationStatsVO.java",8,8,"    private Long totalCount;
    private Long validCount;
    private Long expiredCount;
    private String topProvince;
    private String topType;","","Long"
"Property:backend/src/main/java/com/freqmanage/module/station/vo/StationStatsVO.java:StationStatsVO.topProvince","topProvince","backend/src/main/java/com/freqmanage/module/station/vo/StationStatsVO.java",9,9,"    private Long validCount;
    private Long expiredCount;
    private String topProvince;
    private String topType;
}","","String"
"Property:backend/src/main/java/com/freqmanage/module/station/vo/StationStatsVO.java:StationStatsVO.topType","topType","backend/src/main/java/com/freqmanage/module/station/vo/StationStatsVO.java",10,10,"    private Long expiredCount;
    private String topProvince;
    private String topType;
}","","String"
"Property:backend/src/main/java/com/freqmanage/module/statistics/controller/DashboardController.java:DashboardController.dashboardService","dashboardService","backend/src/main/java/com/freqmanage/module/statistics/controller/DashboardController.java",15,15,"@RequestMapping(""/api/dashboard"")
public class DashboardController {
    private final DashboardService dashboardService;

    public DashboardController(DashboardService dashboardService) {","","DashboardService"
"Property:backend/src/main/java/com/freqmanage/module/statistics/controller/StatisticsController.java:StatisticsController.statisticsService","statisticsService","backend/src/main/java/com/freqmanage/module/statistics/controller/StatisticsController.java",25,25,"@RequestMapping(""/api/statistics"")
public class StatisticsController {
    private final StatisticsService statisticsService;

    public StatisticsController(StatisticsService statisticsService) {","","StatisticsService"
"Property:backend/src/main/java/com/freqmanage/module/statistics/dto/GrowthQueryDTO.java:GrowthQueryDTO.type","type","backend/src/main/java/com/freqmanage/module/statistics/dto/GrowthQueryDTO.java",6,6,"@Data
public class GrowthQueryDTO {
    private String type = ""All"";       // 站型筛选
    private Integer year;             // 年份
    private String province = ""All"";   // 省份筛选","","String"
"Property:backend/src/main/java/com/freqmanage/module/statistics/dto/GrowthQueryDTO.java:GrowthQueryDTO.year","year","backend/src/main/java/com/freqmanage/module/statistics/dto/GrowthQueryDTO.java",7,7,"public class GrowthQueryDTO {
    private String type = ""All"";       // 站型筛选
    private Integer year;             // 年份
    private String province = ""All"";   // 省份筛选
}","","Integer"
"Property:backend/src/main/java/com/freqmanage/module/statistics/dto/GrowthQueryDTO.java:GrowthQueryDTO.province","province","backend/src/main/java/com/freqmanage/module/statistics/dto/GrowthQueryDTO.java",8,8,"    private String type = ""All"";       // 站型筛选
    private Integer year;             // 年份
    private String province = ""All"";   // 省份筛选
}","","String"
"Property:backend/src/main/java/com/freqmanage/module/statistics/service/DashboardService.java:DashboardService.stationMapper","stationMapper","backend/src/main/java/com/freqmanage/module/statistics/service/DashboardService.java",17,17,"@Service
public class DashboardService {
    private final StationMapper stationMapper;
    private final SpecialPermitMapper permitMapper;
","","StationMapper"
"Property:backend/src/main/java/com/freqmanage/module/statistics/service/DashboardService.java:DashboardService.permitMapper","permitMapper","backend/src/main/java/com/freqmanage/module/statistics/service/DashboardService.java",18,18,"public class DashboardService {
    private final StationMapper stationMapper;
    private final SpecialPermitMapper permitMapper;

    private static final long EXPIRING_DAYS = 60;","","SpecialPermitMapper"
"Property:backend/src/main/java/com/freqmanage/module/statistics/service/DashboardService.java:DashboardService.EXPIRING_DAYS","EXPIRING_DAYS","backend/src/main/java/com/freqmanage/module/statistics/service/DashboardService.java",20,20,"    private final SpecialPermitMapper permitMapper;

    private static final long EXPIRING_DAYS = 60;

    private static final Map<String, String> STATION_TYPE_COLORS = new LinkedHashMap<>();","","long"
"Property:backend/src/main/java/com/freqmanage/module/statistics/service/DashboardService.java:DashboardService.STATION_TYPE_COLORS","STATION_TYPE_COLORS","backend/src/main/java/com/freqmanage/module/statistics/service/DashboardService.java",22,22,"    private static final long EXPIRING_DAYS = 60;

    private static final Map<String, String> STATION_TYPE_COLORS = new LinkedHashMap<>();
    static {
        STATION_TYPE_COLORS.put(""mobile"", ""#1976d2"");","","Map"
"Property:backend/src/main/java/com/freqmanage/module/statistics/service/DashboardService.java:DashboardService.PROVINCE_NAMES","PROVINCE_NAMES","backend/src/main/java/com/freqmanage/module/statistics/service/DashboardService.java",31,31,"    }

    private static final Map<String, String[]> PROVINCE_NAMES = new LinkedHashMap<>();
    static {
        PROVINCE_NAMES.put(""ulaanbaatar"", new String[]{""Ulaanbaatar"", ""UB""});","","Map"
"Property:backend/src/main/java/com/freqmanage/module/statistics/service/DashboardService.java:DashboardService.DB_PROVINCE_TO_KEY","DB_PROVINCE_TO_KEY","backend/src/main/java/com/freqmanage/module/statistics/service/DashboardService.java",58,58,"
    // 数据库省份名 → PROVINCE_NAMES key 的映射
    private static final Map<String, String> DB_PROVINCE_TO_KEY = new LinkedHashMap<>();
    static {
        DB_PROVINCE_TO_KEY.put(""Ulaanbaatar"", ""ulaanbaatar"");","","Map"
"Property:backend/src/main/java/com/freqmanage/module/statistics/service/StatisticsService.java:StatisticsService.stationMapper","stationMapper","backend/src/main/java/com/freqmanage/module/statistics/service/StatisticsService.java",31,31,"@Service
public class StatisticsService {
    private final StationMapper stationMapper;
    private final SpecialPermitMapper permitMapper;
    private final SpecialPermitFrequencyMapper frequencyMapper;","","StationMapper"
"Property:backend/src/main/java/com/freqmanage/module/statistics/service/StatisticsService.java:StatisticsService.permitMapper","permitMapper","backend/src/main/java/com/freqmanage/module/statistics/service/StatisticsService.java",32,32,"public class StatisticsService {
    private final StationMapper stationMapper;
    private final SpecialPermitMapper permitMapper;
    private final SpecialPermitFrequencyMapper frequencyMapper;
    private final SpecialPermitStationMapper stationPermitMapper;","","SpecialPermitMapper"
"Property:backend/src/main/java/com/freqmanage/module/statistics/service/StatisticsService.java:StatisticsService.frequencyMapper","frequencyMapper","backend/src/main/java/com/freqmanage/module/statistics/service/StatisticsService.java",33,33,"    private final StationMapper stationMapper;
    private final SpecialPermitMapper permitMapper;
    private final SpecialPermitFrequencyMapper frequencyMapper;
    private final SpecialPermitStationMapper stationPermitMapper;
","","SpecialPermitFrequencyMapper"
"Property:backend/src/main/java/com/freqmanage/module/statistics/service/StatisticsService.java:StatisticsService.stationPermitMapper","stationPermitMapper","backend/src/main/java/com/freqmanage/module/statistics/service/StatisticsService.java",34,34,"    private final SpecialPermitMapper permitMapper;
    private final SpecialPermitFrequencyMapper frequencyMapper;
    private final SpecialPermitStationMapper stationPermitMapper;

    public StatisticsService(StationMapper stationMapper, SpecialPermitMapper permitMapper,","","SpecialPermitStationMapper"
"Property:backend/src/main/java/com/freqmanage/module/statistics/task/LicenseStatusUpdateTask.java:LicenseStatusUpdateTask.permitMapper","permitMapper","backend/src/main/java/com/freqmanage/module/statistics/task/LicenseStatusUpdateTask.java",14,14,"public class LicenseStatusUpdateTask {

    private final SpecialPermitMapper permitMapper;

    private static final long EXPIRING_DAYS = 60;","","SpecialPermitMapper"
"Property:backend/src/main/java/com/freqmanage/module/statistics/task/LicenseStatusUpdateTask.java:LicenseStatusUpdateTask.EXPIRING_DAYS","EXPIRING_DAYS","backend/src/main/java/com/freqmanage/module/statistics/task/LicenseStatusUpdateTask.java",16,16,"    private final SpecialPermitMapper permitMapper;

    private static final long EXPIRING_DAYS = 60;

    public LicenseStatusUpdateTask(SpecialPermitMapper permitMapper) {","","long"
"Property:backend/src/main/java/com/freqmanage/module/statistics/vo/DashboardOverviewVO.java:DashboardOverviewVO.totalStations","totalStations","backend/src/main/java/com/freqmanage/module/statistics/vo/DashboardOverviewVO.java",9,9,"public class DashboardOverviewVO {
    // KPI cards
    private Long totalStations;
    private Long normalLicenses;
    private Long expiringSoon;","","Long"
"Property:backend/src/main/java/com/freqmanage/module/statistics/vo/DashboardOverviewVO.java:DashboardOverviewVO.normalLicenses","normalLicenses","backend/src/main/java/com/freqmanage/module/statistics/vo/DashboardOverviewVO.java",10,10,"    // KPI cards
    private Long totalStations;
    private Long normalLicenses;
    private Long expiringSoon;
    private Long expired;","","Long"
"Property:backend/src/main/java/com/freqmanage/module/statistics/vo/DashboardOverviewVO.java:DashboardOverviewVO.expiringSoon","expiringSoon","backend/src/main/java/com/freqmanage/module/statistics/vo/DashboardOverviewVO.java",11,11,"    private Long totalStations;
    private Long normalLicenses;
    private Long expiringSoon;
    private Long expired;
    // 增长率","","Long"
"Property:backend/src/main/java/com/freqmanage/module/statistics/vo/DashboardOverviewVO.java:DashboardOverviewVO.expired","expired","backend/src/main/java/com/freqmanage/module/statistics/vo/DashboardOverviewVO.java",12,12,"    private Long normalLicenses;
    private Long expiringSoon;
    private Long expired;
    // 增长率
    private String stationGrowth;","","Long"
"Property:backend/src/main/java/com/freqmanage/module/statistics/vo/DashboardOverviewVO.java:DashboardOverviewVO.stationGrowth","stationGrowth","backend/src/main/java/com/freqmanage/module/statistics/vo/DashboardOverviewVO.java",14,14,"    private Long expired;
    // 增长率
    private String stationGrowth;
    private String licenseGrowth;
    private String expiringGrowth;","","String"
"Property:backend/src/main/java/com/freqmanage/module/statistics/vo/DashboardOverviewVO.java:DashboardOverviewVO.licenseGrowth","licenseGrowth","backend/src/main/java/com/freqmanage/module/statistics/vo/DashboardOverviewVO.java",15,15,"    // 增长率
    private String stationGrowth;
    private String licenseGrowth;
    private String expiringGrowth;
    private String expiredGrowth;","","String"
"Property:backend/src/main/java/com/freqmanage/module/statistics/vo/DashboardOverviewVO.java:DashboardOverviewVO.expiringGrowth","expiringGrowth","backend/src/main/java/com/freqmanage/module/statistics/vo/DashboardOverviewVO.java",16,16,"    private String stationGrowth;
    private String licenseGrowth;
    private String expiringGrowth;
    private String expiredGrowth;
    // 省份台站统计列表","","String"
"Property:backend/src/main/java/com/freqmanage/module/statistics/vo/DashboardOverviewVO.java:DashboardOverviewVO.expiredGrowth","expiredGrowth","backend/src/main/java/com/freqmanage/module/statistics/vo/DashboardOverviewVO.java",17,17,"    private String licenseGrowth;
    private String expiringGrowth;
    private String expiredGrowth;
    // 省份台站统计列表
    private List<ProvinceStationVO> provinceStats;","","String"
"Property:backend/src/main/java/com/freqmanage/module/statistics/vo/DashboardOverviewVO.java:DashboardOverviewVO.provinceStats","provinceStats","backend/src/main/java/com/freqmanage/module/statistics/vo/DashboardOverviewVO.java",19,19,"    private String expiredGrowth;
    // 省份台站统计列表
    private List<ProvinceStationVO> provinceStats;
    // 许可证类型统计列表
    private List<LicenseTypeStatsVO> licenseTypeStats;","","List"
"Property:backend/src/main/java/com/freqmanage/module/statistics/vo/DashboardOverviewVO.java:DashboardOverviewVO.licenseTypeStats","licenseTypeStats","backend/src/main/java/com/freqmanage/module/statistics/vo/DashboardOverviewVO.java",21,21,"    private List<ProvinceStationVO> provinceStats;
    // 许可证类型统计列表
    private List<LicenseTypeStatsVO> licenseTypeStats;
    // 台站类型分布（用于饼图）
    private List<StationTypeVO> stationTypes;","","List"
"Property:backend/src/main/java/com/freqmanage/module/statistics/vo/DashboardOverviewVO.java:DashboardOverviewVO.stationTypes","stationTypes","backend/src/main/java/com/freqmanage/module/statistics/vo/DashboardOverviewVO.java",23,23,"    private List<LicenseTypeStatsVO> licenseTypeStats;
    // 台站类型分布（用于饼图）
    private List<StationTypeVO> stationTypes;
    // 台站增长趋势（最近12个月）
    private List<StationGrowthVO> stationGrowthTrend;","","List"
"Property:backend/src/main/java/com/freqmanage/module/statistics/vo/DashboardOverviewVO.java:DashboardOverviewVO.stationGrowthTrend","stationGrowthTrend","backend/src/main/java/com/freqmanage/module/statistics/vo/DashboardOverviewVO.java",25,25,"    private List<StationTypeVO> stationTypes;
    // 台站增长趋势（最近12个月）
    private List<StationGrowthVO> stationGrowthTrend;
}","","List"
"Property:backend/src/main/java/com/freqmanage/module/statistics/vo/ExpiredStationVO.java:ExpiredStationVO.guid","guid","backend/src/main/java/com/freqmanage/module/statistics/vo/ExpiredStationVO.java",6,6,"@Data
public class ExpiredStationVO {
    private String guid;
    private String name;           // sitename
    private String province;","","String"
"Property:backend/src/main/java/com/freqmanage/module/statistics/vo/ExpiredStationVO.java:ExpiredStationVO.name","name","backend/src/main/java/com/freqmanage/module/statistics/vo/ExpiredStationVO.java",7,7,"public class ExpiredStationVO {
    private String guid;
    private String name;           // sitename
    private String province;
    private String type;          // stationtype","","String"
"Property:backend/src/main/java/com/freqmanage/module/statistics/vo/ExpiredStationVO.java:ExpiredStationVO.province","province","backend/src/main/java/com/freqmanage/module/statistics/vo/ExpiredStationVO.java",8,8,"    private String guid;
    private String name;           // sitename
    private String province;
    private String type;          // stationtype
    private Integer month;         // 过期月份（1-12）","","String"
"Property:backend/src/main/java/com/freqmanage/module/statistics/vo/ExpiredStationVO.java:ExpiredStationVO.type","type","backend/src/main/java/com/freqmanage/module/statistics/vo/ExpiredStationVO.java",9,9,"    private String name;           // sitename
    private String province;
    private String type;          // stationtype
    private Integer month;         // 过期月份（1-12）
    private Integer expiredCount;  // 该月过期数量（每条记录是1个站，所以固定为1）","","String"
"Property:backend/src/main/java/com/freqmanage/module/statistics/vo/ExpiredStationVO.java:ExpiredStationVO.month","month","backend/src/main/java/com/freqmanage/module/statistics/vo/ExpiredStationVO.java",10,10,"    private String province;
    private String type;          // stationtype
    private Integer month;         // 过期月份（1-12）
    private Integer expiredCount;  // 该月过期数量（每条记录是1个站，所以固定为1）
    private String expireDate;     // expirationdate 字符串","","Integer"
"Property:backend/src/main/java/com/freqmanage/module/statistics/vo/ExpiredStationVO.java:ExpiredStationVO.expiredCount","expiredCount","backend/src/main/java/com/freqmanage/module/statistics/vo/ExpiredStationVO.java",11,11,"    private String type;          // stationtype
    private Integer month;         // 过期月份（1-12）
    private Integer expiredCount;  // 该月过期数量（每条记录是1个站，所以固定为1）
    private String expireDate;     // expirationdate 字符串
    private String technicalStandard;  // technology","","Integer"
"Property:backend/src/main/java/com/freqmanage/module/statistics/vo/ExpiredStationVO.java:ExpiredStationVO.expireDate","expireDate","backend/src/main/java/com/freqmanage/module/statistics/vo/ExpiredStationVO.java",12,12,"    private Integer month;         // 过期月份（1-12）
    private Integer expiredCount;  // 该月过期数量（每条记录是1个站，所以固定为1）
    private String expireDate;     // expirationdate 字符串
    private String technicalStandard;  // technology
    private String bandwidthProcessingUnitModel;  // bbumodel","","String"
"Property:backend/src/main/java/com/freqmanage/module/statistics/vo/ExpiredStationVO.java:ExpiredStationVO.technicalStandard","technicalStandard","backend/src/main/java/com/freqmanage/module/statistics/vo/ExpiredStationVO.java",13,13,"    private Integer expiredCount;  // 该月过期数量（每条记录是1个站，所以固定为1）
    private String expireDate;     // expirationdate 字符串
    private String technicalStandard;  // technology
    private String bandwidthProcessingUnitModel;  // bbumodel
    private String ownerName;      // unit（设台单位）","","String"
"Property:backend/src/main/java/com/freqmanage/module/statistics/vo/ExpiredStationVO.java:ExpiredStationVO.bandwidthProcessingUnitModel","bandwidthProcessingUnitModel","backend/src/main/java/com/freqmanage/module/statistics/vo/ExpiredStationVO.java",14,14,"    private String expireDate;     // expirationdate 字符串
    private String technicalStandard;  // technology
    private String bandwidthProcessingUnitModel;  // bbumodel
    private String ownerName;      // unit（设台单位）
    private String backhaulNetworkAccessMethod;  // backbone","","String"
"Property:backend/src/main/java/com/freqmanage/module/statistics/vo/ExpiredStationVO.java:ExpiredStationVO.ownerName","ownerName","backend/src/main/java/com/freqmanage/module/statistics/vo/ExpiredStationVO.java",15,15,"    private String technicalStandard;  // technology
    private String bandwidthProcessingUnitModel;  // bbumodel
    private String ownerName;      // unit（设台单位）
    private String backhaulNetworkAccessMethod;  // backbone
    private String stationPurpose; // stationpurpose","","String"
"Property:backend/src/main/java/com/freqmanage/module/statistics/vo/ExpiredStationVO.java:ExpiredStationVO.backhaulNetworkAccessMethod","backhaulNetworkAccessMethod","backend/src/main/java/com/freqmanage/module/statistics/vo/ExpiredStationVO.java",16,16,"    private String bandwidthProcessingUnitModel;  // bbumodel
    private String ownerName;      // unit（设台单位）
    private String backhaulNetworkAccessMethod;  // backbone
    private String stationPurpose; // stationpurpose
    private String modulationType; // modulation","","String"
"Property:backend/src/main/java/com/freqmanage/module/statistics/vo/ExpiredStationVO.java:ExpiredStationVO.stationPurpose","stationPurpose","backend/src/main/java/com/freqmanage/module/statistics/vo/ExpiredStationVO.java",17,17,"    private String ownerName;      // unit（设台单位）
    private String backhaulNetworkAccessMethod;  // backbone
    private String stationPurpose; // stationpurpose
    private String modulationType; // modulation
    private String stationType;    // stationtype","","String"
"Property:backend/src/main/java/com/freqmanage/module/statistics/vo/ExpiredStationVO.java:ExpiredStationVO.modulationType","modulationType","backend/src/main/java/com/freqmanage/module/statistics/vo/ExpiredStationVO.java",18,18,"    private String backhaulNetworkAccessMethod;  // backbone
    private String stationPurpose; // stationpurpose
    private String modulationType; // modulation
    private String stationType;    // stationtype
    private String transmitFrequency;  // frequencyt + "" MHz""","","String"
"Property:backend/src/main/java/com/freqmanage/module/statistics/vo/ExpiredStationVO.java:ExpiredStationVO.stationType","stationType","backend/src/main/java/com/freqmanage/module/statistics/vo/ExpiredStationVO.java",19,19,"    private String stationPurpose; // stationpurpose
    private String modulationType; // modulation
    private String stationType;    // stationtype
    private String transmitFrequency;  // frequencyt + "" MHz""
    private String receiveFrequency;  // frequencyr + "" MHz""","","String"
"Property:backend/src/main/java/com/freqmanage/module/statistics/vo/ExpiredStationVO.java:ExpiredStationVO.transmitFrequency","transmitFrequency","backend/src/main/java/com/freqmanage/module/statistics/vo/ExpiredStationVO.java",20,20,"    private String modulationType; // modulation
    private String stationType;    // stationtype
    private String transmitFrequency;  // frequencyt + "" MHz""
    private String receiveFrequency;  // frequencyr + "" MHz""
    private String bandwidth;      // bandwidth","","String"
"Property:backend/src/main/java/com/freqmanage/module/statistics/vo/ExpiredStationVO.java:ExpiredStationVO.receiveFrequency","receiveFrequency","backend/src/main/java/com/freqmanage/module/statistics/vo/ExpiredStationVO.java",21,21,"    private String stationType;    // stationtype
    private String transmitFrequency;  // frequencyt + "" MHz""
    private String receiveFrequency;  // frequencyr + "" MHz""
    private String bandwidth;      // bandwidth
    private String equipmentNameAndModel;  // devicemodel","","String"
"Property:backend/src/main/java/com/freqmanage/module/statistics/vo/ExpiredStationVO.java:ExpiredStationVO.bandwidth","bandwidth","backend/src/main/java/com/freqmanage/module/statistics/vo/ExpiredStationVO.java",22,22,"    private String transmitFrequency;  // frequencyt + "" MHz""
    private String receiveFrequency;  // frequencyr + "" MHz""
    private String bandwidth;      // bandwidth
    private String equipmentNameAndModel;  // devicemodel
    private String equipmentCount;  // devicequantity","","String"
"Property:backend/src/main/java/com/freqmanage/module/statistics/vo/ExpiredStationVO.java:ExpiredStationVO.equipmentNameAndModel","equipmentNameAndModel","backend/src/main/java/com/freqmanage/module/statistics/vo/ExpiredStationVO.java",23,23,"    private String receiveFrequency;  // frequencyr + "" MHz""
    private String bandwidth;      // bandwidth
    private String equipmentNameAndModel;  // devicemodel
    private String equipmentCount;  // devicequantity
    private String equipmentPower;  // outputpower + "" W""","","String"
"Property:backend/src/main/java/com/freqmanage/module/statistics/vo/ExpiredStationVO.java:ExpiredStationVO.equipmentCount","equipmentCount","backend/src/main/java/com/freqmanage/module/statistics/vo/ExpiredStationVO.java",24,24,"    private String bandwidth;      // bandwidth
    private String equipmentNameAndModel;  // devicemodel
    private String equipmentCount;  // devicequantity
    private String equipmentPower;  // outputpower + "" W""
    private String antennaType;     // anttype","","String"
"Property:backend/src/main/java/com/freqmanage/module/statistics/vo/ExpiredStationVO.java:ExpiredStationVO.equipmentPower","equipmentPower","backend/src/main/java/com/freqmanage/module/statistics/vo/ExpiredStationVO.java",25,25,"    private String equipmentNameAndModel;  // devicemodel
    private String equipmentCount;  // devicequantity
    private String equipmentPower;  // outputpower + "" W""
    private String antennaType;     // anttype
    private String antennaCount;    // antquantity","","String"
"Property:backend/src/main/java/com/freqmanage/module/statistics/vo/ExpiredStationVO.java:ExpiredStationVO.antennaType","antennaType","backend/src/main/java/com/freqmanage/module/statistics/vo/ExpiredStationVO.java",26,26,"    private String equipmentCount;  // devicequantity
    private String equipmentPower;  // outputpower + "" W""
    private String antennaType;     // anttype
    private String antennaCount;    // antquantity
    private String region;          // province","","String"
"Property:backend/src/main/java/com/freqmanage/module/statistics/vo/ExpiredStationVO.java:ExpiredStationVO.antennaCount","antennaCount","backend/src/main/java/com/freqmanage/module/statistics/vo/ExpiredStationVO.java",27,27,"    private String equipmentPower;  // outputpower + "" W""
    private String antennaType;     // anttype
    private String antennaCount;    // antquantity
    private String region;          // province
    private String detailedLocation;  // location","","String"
"Property:backend/src/main/java/com/freqmanage/module/statistics/vo/ExpiredStationVO.java:ExpiredStationVO.region","region","backend/src/main/java/com/freqmanage/module/statistics/vo/ExpiredStationVO.java",28,28,"    private String antennaType;     // anttype
    private String antennaCount;    // antquantity
    private String region;          // province
    private String detailedLocation;  // location
    private String longitude;","","String"
"Property:backend/src/main/java/com/freqmanage/module/statistics/vo/ExpiredStationVO.java:ExpiredStationVO.detailedLocation","detailedLocation","backend/src/main/java/com/freqmanage/module/statistics/vo/ExpiredStationVO.java",29,29,"    private String antennaCount;    // antquantity
    private String region;          // province
    private String detailedLocation;  // location
    private String longitude;
    private String latitude;","","String"
"Property:backend/src/main/java/com/freqmanage/module/statistics/vo/ExpiredStationVO.java:ExpiredStationVO.longitude","longitude","backend/src/main/java/com/freqmanage/module/statistics/vo/ExpiredStationVO.java",30,30,"    private String region;          // province
    private String detailedLocation;  // location
    private String longitude;
    private String latitude;
    private String openDate;        // startdate","","String"
"Property:backend/src/main/java/com/freqmanage/module/statistics/vo/ExpiredStationVO.java:ExpiredStationVO.latitude","latitude","backend/src/main/java/com/freqmanage/module/statistics/vo/ExpiredStationVO.java",31,31,"    private String detailedLocation;  // location
    private String longitude;
    private String latitude;
    private String openDate;        // startdate
}","","String"
"Property:backend/src/main/java/com/freqmanage/module/statistics/vo/ExpiredStationVO.java:ExpiredStationVO.openDate","openDate","backend/src/main/java/com/freqmanage/module/statistics/vo/ExpiredStationVO.java",32,32,"    private String longitude;
    private String latitude;
    private String openDate;        // startdate
}","","String"
"Property:backend/src/main/java/com/freqmanage/module/statistics/vo/LicenseCountByTypeVO.java:LicenseCountByTypeVO.type","type","backend/src/main/java/com/freqmanage/module/statistics/vo/LicenseCountByTypeVO.java",6,6,"@Data
public class LicenseCountByTypeVO {
    private String type;
    private Long count;
    private String province;","","String"
"Property:backend/src/main/java/com/freqmanage/module/statistics/vo/LicenseCountByTypeVO.java:LicenseCountByTypeVO.count","count","backend/src/main/java/com/freqmanage/module/statistics/vo/LicenseCountByTypeVO.java",7,7,"public class LicenseCountByTypeVO {
    private String type;
    private Long count;
    private String province;
    private String date;","","Long"
"Property:backend/src/main/java/com/freqmanage/module/statistics/vo/LicenseCountByTypeVO.java:LicenseCountByTypeVO.province","province","backend/src/main/java/com/freqmanage/module/statistics/vo/LicenseCountByTypeVO.java",8,8,"    private String type;
    private Long count;
    private String province;
    private String date;
    private String period;","","String"
"Property:backend/src/main/java/com/freqmanage/module/statistics/vo/LicenseCountByTypeVO.java:LicenseCountByTypeVO.date","date","backend/src/main/java/com/freqmanage/module/statistics/vo/LicenseCountByTypeVO.java",9,9,"    private Long count;
    private String province;
    private String date;
    private String period;
}","","String"
"Property:backend/src/main/java/com/freqmanage/module/statistics/vo/LicenseCountByTypeVO.java:LicenseCountByTypeVO.period","period","backend/src/main/java/com/freqmanage/module/statistics/vo/LicenseCountByTypeVO.java",10,10,"    private String province;
    private String date;
    private String period;
}","","String"
"Property:backend/src/main/java/com/freqmanage/module/statistics/vo/LicenseTypeStatsVO.java:LicenseTypeStatsVO.id","id","backend/src/main/java/com/freqmanage/module/statistics/vo/LicenseTypeStatsVO.java",6,6,"@Data
public class LicenseTypeStatsVO {
    private String id;
    private String type;
    private Long normal;","","String"
"Property:backend/src/main/java/com/freqmanage/module/statistics/vo/LicenseTypeStatsVO.java:LicenseTypeStatsVO.type","type","backend/src/main/java/com/freqmanage/module/statistics/vo/LicenseTypeStatsVO.java",7,7,"public class LicenseTypeStatsVO {
    private String id;
    private String type;
    private Long normal;
    private Long expiring;","","String"
"Property:backend/src/main/java/com/freqmanage/module/statistics/vo/LicenseTypeStatsVO.java:LicenseTypeStatsVO.normal","normal","backend/src/main/java/com/freqmanage/module/statistics/vo/LicenseTypeStatsVO.java",8,8,"    private String id;
    private String type;
    private Long normal;
    private Long expiring;
    private Long expired;","","Long"
"Property:backend/src/main/java/com/freqmanage/module/statistics/vo/LicenseTypeStatsVO.java:LicenseTypeStatsVO.expiring","expiring","backend/src/main/java/com/freqmanage/module/statistics/vo/LicenseTypeStatsVO.java",9,9,"    private String type;
    private Long normal;
    private Long expiring;
    private Long expired;
}","","Long"
"Property:backend/src/main/java/com/freqmanage/module/statistics/vo/LicenseTypeStatsVO.java:LicenseTypeStatsVO.expired","expired","backend/src/main/java/com/freqmanage/module/statistics/vo/LicenseTypeStatsVO.java",10,10,"    private Long normal;
    private Long expiring;
    private Long expired;
}","","Long"
"Property:backend/src/main/java/com/freqmanage/module/statistics/vo/MonthlyGrowthVO.java:MonthlyGrowthVO.month","month","backend/src/main/java/com/freqmanage/module/statistics/vo/MonthlyGrowthVO.java",6,6,"@Data
public class MonthlyGrowthVO {
    private String month;          // ""Jan"", ""Feb""...
    private Long current;          // 当前年份该月总数
    private Long previous;         // 去年同月总数","","String"
"Property:backend/src/main/java/com/freqmanage/module/statistics/vo/MonthlyGrowthVO.java:MonthlyGrowthVO.current","current","backend/src/main/java/com/freqmanage/module/statistics/vo/MonthlyGrowthVO.java",7,7,"public class MonthlyGrowthVO {
    private String month;          // ""Jan"", ""Feb""...
    private Long current;          // 当前年份该月总数
    private Long previous;         // 去年同月总数
    private Long growthCount;      // 同比增长数量","","Long"
"Property:backend/src/main/java/com/freqmanage/module/statistics/vo/MonthlyGrowthVO.java:MonthlyGrowthVO.previous","previous","backend/src/main/java/com/freqmanage/module/statistics/vo/MonthlyGrowthVO.java",8,8,"    private String month;          // ""Jan"", ""Feb""...
    private Long current;          // 当前年份该月总数
    private Long previous;         // 去年同月总数
    private Long growthCount;      // 同比增长数量
    private Double growthPercent;  // 同比增长百分比","","Long"
"Property:backend/src/main/java/com/freqmanage/module/statistics/vo/MonthlyGrowthVO.java:MonthlyGrowthVO.growthCount","growthCount","backend/src/main/java/com/freqmanage/module/statistics/vo/MonthlyGrowthVO.java",9,9,"    private Long current;          // 当前年份该月总数
    private Long previous;         // 去年同月总数
    private Long growthCount;      // 同比增长数量
    private Double growthPercent;  // 同比增长百分比
    private Long momCount;         // 环比增长数量","","Long"
"Property:backend/src/main/java/com/freqmanage/module/statistics/vo/MonthlyGrowthVO.java:MonthlyGrowthVO.growthPercent","growthPercent","backend/src/main/java/com/freqmanage/module/statistics/vo/MonthlyGrowthVO.java",10,10,"    private Long previous;         // 去年同月总数
    private Long growthCount;      // 同比增长数量
    private Double growthPercent;  // 同比增长百分比
    private Long momCount;         // 环比增长数量
    private Double momPercent;     // 环比增长百分比","","Double"
"Property:backend/src/main/java/com/freqmanage/module/statistics/vo/MonthlyGrowthVO.java:MonthlyGrowthVO.momCount","momCount","backend/src/main/java/com/freqmanage/module/statistics/vo/MonthlyGrowthVO.java",11,11,"    private Long growthCount;      // 同比增长数量
    private Double growthPercent;  // 同比增长百分比
    private Long momCount;         // 环比增长数量
    private Double momPercent;     // 环比增长百分比
}","","Long"
"Property:backend/src/main/java/com/freqmanage/module/statistics/vo/MonthlyGrowthVO.java:MonthlyGrowthVO.momPercent","momPercent","backend/src/main/java/com/freqmanage/module/statistics/vo/MonthlyGrowthVO.java",12,12,"    private Double growthPercent;  // 同比增长百分比
    private Long momCount;         // 环比增长数量
    private Double momPercent;     // 环比增长百分比
}","","Double"
"Property:backend/src/main/java/com/freqmanage/module/statistics/vo/PermitUsageByMonthVO.java:PermitUsageByMonthVO.month","month","backend/src/main/java/com/freqmanage/module/statistics/vo/PermitUsageByMonthVO.java",6,6,"@Data
public class PermitUsageByMonthVO {
    private String month;        // yyyy-MM
    private String businessType; // 对应 permit.category
    private String province;     // 对应 permit.scope 中的省份标注","","String"
"Property:backend/src/main/java/com/freqmanage/module/statistics/vo/PermitUsageByMonthVO.java:PermitUsageByMonthVO.businessType","businessType","backend/src/main/java/com/freqmanage/module/statistics/vo/PermitUsageByMonthVO.java",7,7,"public class PermitUsageByMonthVO {
    private String month;        // yyyy-MM
    private String businessType; // 对应 permit.category
    private String province;     // 对应 permit.scope 中的省份标注
    private String year;","","String"
"Property:backend/src/main/java/com/freqmanage/module/statistics/vo/PermitUsageByMonthVO.java:PermitUsageByMonthVO.province","province","backend/src/main/java/com/freqmanage/module/statistics/vo/PermitUsageByMonthVO.java",8,8,"    private String month;        // yyyy-MM
    private String businessType; // 对应 permit.category
    private String province;     // 对应 permit.scope 中的省份标注
    private String year;
    private Double usageRate;   // 使用率百分比（计算方式见 service 层）","","String"
"Property:backend/src/main/java/com/freqmanage/module/statistics/vo/PermitUsageByMonthVO.java:PermitUsageByMonthVO.year","year","backend/src/main/java/com/freqmanage/module/statistics/vo/PermitUsageByMonthVO.java",9,9,"    private String businessType; // 对应 permit.category
    private String province;     // 对应 permit.scope 中的省份标注
    private String year;
    private Double usageRate;   // 使用率百分比（计算方式见 service 层）
    private Double yoyGrowth;   // 同比增长率","","String"
"Property:backend/src/main/java/com/freqmanage/module/statistics/vo/PermitUsageByMonthVO.java:PermitUsageByMonthVO.usageRate","usageRate","backend/src/main/java/com/freqmanage/module/statistics/vo/PermitUsageByMonthVO.java",10,10,"    private String province;     // 对应 permit.scope 中的省份标注
    private String year;
    private Double usageRate;   // 使用率百分比（计算方式见 service 层）
    private Double yoyGrowth;   // 同比增长率
    private Double momGrowth;   // 环比增长率","","Double"
"Property:backend/src/main/java/com/freqmanage/module/statistics/vo/PermitUsageByMonthVO.java:PermitUsageByMonthVO.yoyGrowth","yoyGrowth","backend/src/main/java/com/freqmanage/module/statistics/vo/PermitUsageByMonthVO.java",11,11,"    private String year;
    private Double usageRate;   // 使用率百分比（计算方式见 service 层）
    private Double yoyGrowth;   // 同比增长率
    private Double momGrowth;   // 环比增长率
    private Double prevYearRate;","","Double"
"Property:backend/src/main/java/com/freqmanage/module/statistics/vo/PermitUsageByMonthVO.java:PermitUsageByMonthVO.momGrowth","momGrowth","backend/src/main/java/com/freqmanage/module/statistics/vo/PermitUsageByMonthVO.java",12,12,"    private Double usageRate;   // 使用率百分比（计算方式见 service 层）
    private Double yoyGrowth;   // 同比增长率
    private Double momGrowth;   // 环比增长率
    private Double prevYearRate;
    private Double prevMonthRate;","","Double"
"Property:backend/src/main/java/com/freqmanage/module/statistics/vo/PermitUsageByMonthVO.java:PermitUsageByMonthVO.prevYearRate","prevYearRate","backend/src/main/java/com/freqmanage/module/statistics/vo/PermitUsageByMonthVO.java",13,13,"    private Double yoyGrowth;   // 同比增长率
    private Double momGrowth;   // 环比增长率
    private Double prevYearRate;
    private Double prevMonthRate;
    private Long totalCount;","","Double"
"Property:backend/src/main/java/com/freqmanage/module/statistics/vo/PermitUsageByMonthVO.java:PermitUsageByMonthVO.prevMonthRate","prevMonthRate","backend/src/main/java/com/freqmanage/module/statistics/vo/PermitUsageByMonthVO.java",14,14,"    private Double momGrowth;   // 环比增长率
    private Double prevYearRate;
    private Double prevMonthRate;
    private Long totalCount;
    private Long activeCount;","","Double"
"Property:backend/src/main/java/com/freqmanage/module/statistics/vo/PermitUsageByMonthVO.java:PermitUsageByMonthVO.totalCount","totalCount","backend/src/main/java/com/freqmanage/module/statistics/vo/PermitUsageByMonthVO.java",15,15,"    private Double prevYearRate;
    private Double prevMonthRate;
    private Long totalCount;
    private Long activeCount;
}","","Long"
"Property:backend/src/main/java/com/freqmanage/module/statistics/vo/PermitUsageByMonthVO.java:PermitUsageByMonthVO.activeCount","activeCount","backend/src/main/java/com/freqmanage/module/statistics/vo/PermitUsageByMonthVO.java",16,16,"    private Double prevMonthRate;
    private Long totalCount;
    private Long activeCount;
}","","Long"
"Property:backend/src/main/java/com/freqmanage/module/statistics/vo/PermitUsageGrowthVO.java:PermitUsageGrowthVO.monthlyData","monthlyData","backend/src/main/java/com/freqmanage/module/statistics/vo/PermitUsageGrowthVO.java",8,8,"@Data
public class PermitUsageGrowthVO {
    private Map<String, Long> monthlyData;
    private Double growthRate;
}","","Map"
"Property:backend/src/main/java/com/freqmanage/module/statistics/vo/PermitUsageGrowthVO.java:PermitUsageGrowthVO.growthRate","growthRate","backend/src/main/java/com/freqmanage/module/statistics/vo/PermitUsageGrowthVO.java",9,9,"public class PermitUsageGrowthVO {
    private Map<String, Long> monthlyData;
    private Double growthRate;
}","","Double"
"Property:backend/src/main/java/com/freqmanage/module/statistics/vo/ProvinceStationVO.java:ProvinceStationVO.id","id","backend/src/main/java/com/freqmanage/module/statistics/vo/ProvinceStationVO.java",7,7,"@Data
public class ProvinceStationVO {
    private String id;
    private String name;
    private String abbr;","","String"
"Property:backend/src/main/java/com/freqmanage/module/statistics/vo/ProvinceStationVO.java:ProvinceStationVO.name","name","backend/src/main/java/com/freqmanage/module/statistics/vo/ProvinceStationVO.java",8,8,"public class ProvinceStationVO {
    private String id;
    private String name;
    private String abbr;
    private Long total;","","String"
"Property:backend/src/main/java/com/freqmanage/module/statistics/vo/ProvinceStationVO.java:ProvinceStationVO.abbr","abbr","backend/src/main/java/com/freqmanage/module/statistics/vo/ProvinceStationVO.java",9,9,"    private String id;
    private String name;
    private String abbr;
    private Long total;
    private Long expiring60;","","String"
"Property:backend/src/main/java/com/freqmanage/module/statistics/vo/ProvinceStationVO.java:ProvinceStationVO.total","total","backend/src/main/java/com/freqmanage/module/statistics/vo/ProvinceStationVO.java",10,10,"    private String name;
    private String abbr;
    private Long total;
    private Long expiring60;
    private Long expired;","","Long"
"Property:backend/src/main/java/com/freqmanage/module/statistics/vo/ProvinceStationVO.java:ProvinceStationVO.expiring60","expiring60","backend/src/main/java/com/freqmanage/module/statistics/vo/ProvinceStationVO.java",11,11,"    private String abbr;
    private Long total;
    private Long expiring60;
    private Long expired;
    private String province;","","Long"
"Property:backend/src/main/java/com/freqmanage/module/statistics/vo/ProvinceStationVO.java:ProvinceStationVO.expired","expired","backend/src/main/java/com/freqmanage/module/statistics/vo/ProvinceStationVO.java",12,12,"    private Long total;
    private Long expiring60;
    private Long expired;
    private String province;
    private Long count;","","Long"
"Property:backend/src/main/java/com/freqmanage/module/statistics/vo/ProvinceStationVO.java:ProvinceStationVO.province","province","backend/src/main/java/com/freqmanage/module/statistics/vo/ProvinceStationVO.java",13,13,"    private Long expiring60;
    private Long expired;
    private String province;
    private Long count;
    private Map<String, Long> typeDistribution;","","String"
"Property:backend/src/main/java/com/freqmanage/module/statistics/vo/ProvinceStationVO.java:ProvinceStationVO.count","count","backend/src/main/java/com/freqmanage/module/statistics/vo/ProvinceStationVO.java",14,14,"    private Long expired;
    private String province;
    private Long count;
    private Map<String, Long> typeDistribution;
}","","Long"
"Property:backend/src/main/java/com/freqmanage/module/statistics/vo/ProvinceStationVO.java:ProvinceStationVO.typeDistribution","typeDistribution","backend/src/main/java/com/freqmanage/module/statistics/vo/ProvinceStationVO.java",15,15,"    private String province;
    private Long count;
    private Map<String, Long> typeDistribution;
}","","Map"
"Property:backend/src/main/java/com/freqmanage/module/statistics/vo/StationCountDetailVO.java:StationCountDetailVO.type","type","backend/src/main/java/com/freqmanage/module/statistics/vo/StationCountDetailVO.java",6,6,"@Data
public class StationCountDetailVO {
    private String type;
    private Long licenses;
    private Long stations;","","String"
"Property:backend/src/main/java/com/freqmanage/module/statistics/vo/StationCountDetailVO.java:StationCountDetailVO.licenses","licenses","backend/src/main/java/com/freqmanage/module/statistics/vo/StationCountDetailVO.java",7,7,"public class StationCountDetailVO {
    private String type;
    private Long licenses;
    private Long stations;
    private Double ratio;","","Long"
"Property:backend/src/main/java/com/freqmanage/module/statistics/vo/StationCountDetailVO.java:StationCountDetailVO.stations","stations","backend/src/main/java/com/freqmanage/module/statistics/vo/StationCountDetailVO.java",8,8,"    private String type;
    private Long licenses;
    private Long stations;
    private Double ratio;
    private String province;","","Long"
"Property:backend/src/main/java/com/freqmanage/module/statistics/vo/StationCountDetailVO.java:StationCountDetailVO.ratio","ratio","backend/src/main/java/com/freqmanage/module/statistics/vo/StationCountDetailVO.java",9,9,"    private Long licenses;
    private Long stations;
    private Double ratio;
    private String province;
    private String date;","","Double"
"Property:backend/src/main/java/com/freqmanage/module/statistics/vo/StationCountDetailVO.java:StationCountDetailVO.province","province","backend/src/main/java/com/freqmanage/module/statistics/vo/StationCountDetailVO.java",10,10,"    private Long stations;
    private Double ratio;
    private String province;
    private String date;
}","","String"
"Property:backend/src/main/java/com/freqmanage/module/statistics/vo/StationCountDetailVO.java:StationCountDetailVO.date","date","backend/src/main/java/com/freqmanage/module/statistics/vo/StationCountDetailVO.java",11,11,"    private Double ratio;
    private String province;
    private String date;
}","","String"
"Property:backend/src/main/java/com/freqmanage/module/statistics/vo/StationGrowthVO.java:StationGrowthVO.month","month","backend/src/main/java/com/freqmanage/module/statistics/vo/StationGrowthVO.java",7,7,"@Data
public class StationGrowthVO {
    private String month;
    private Long count;
    private Map<String, Long> monthlyData;","","String"
"Property:backend/src/main/java/com/freqmanage/module/statistics/vo/StationGrowthVO.java:StationGrowthVO.count","count","backend/src/main/java/com/freqmanage/module/statistics/vo/StationGrowthVO.java",8,8,"public class StationGrowthVO {
    private String month;
    private Long count;
    private Map<String, Long> monthlyData;
    private Double growthRate;","","Long"
"Property:backend/src/main/java/com/freqmanage/module/statistics/vo/StationGrowthVO.java:StationGrowthVO.monthlyData","monthlyData","backend/src/main/java/com/freqmanage/module/statistics/vo/StationGrowthVO.java",9,9,"    private String month;
    private Long count;
    private Map<String, Long> monthlyData;
    private Double growthRate;
}","","Map"
"Property:backend/src/main/java/com/freqmanage/module/statistics/vo/StationGrowthVO.java:StationGrowthVO.growthRate","growthRate","backend/src/main/java/com/freqmanage/module/statistics/vo/StationGrowthVO.java",10,10,"    private Long count;
    private Map<String, Long> monthlyData;
    private Double growthRate;
}","","Double"
"Property:backend/src/main/java/com/freqmanage/module/statistics/vo/StationRegionDetailVO.java:StationRegionDetailVO.region","region","backend/src/main/java/com/freqmanage/module/statistics/vo/StationRegionDetailVO.java",7,7,"@Data
public class StationRegionDetailVO {
    private String region;
    private Long mobile;
    private Long broadcast;
","","String"
"Property:backend/src/main/java/com/freqmanage/module/statistics/vo/StationRegionDetailVO.java:StationRegionDetailVO.mobile","mobile","backend/src/main/java/com/freqmanage/module/statistics/vo/StationRegionDetailVO.java",8,8,"public class StationRegionDetailVO {
    private String region;
    private Long mobile;
    private Long broadcast;
    private Long fixed;
","","Long"
"Property:backend/src/main/java/com/freqmanage/module/statistics/vo/StationRegionDetailVO.java:StationRegionDetailVO.broadcast","broadcast","backend/src/main/java/com/freqmanage/module/statistics/vo/StationRegionDetailVO.java",9,9,"    private String region;
    private Long mobile;
    private Long broadcast;
    private Long fixed;
    private Long satellite;
","","Long"
"Property:backend/src/main/java/com/freqmanage/module/statistics/vo/StationRegionDetailVO.java:StationRegionDetailVO.fixed","fixed","backend/src/main/java/com/freqmanage/module/statistics/vo/StationRegionDetailVO.java",10,10,"    private Long mobile;
    private Long broadcast;
    private Long fixed;
    private Long satellite;
    private Long other;
","","Long"
"Property:backend/src/main/java/com/freqmanage/module/statistics/vo/StationRegionDetailVO.java:StationRegionDetailVO.satellite","satellite","backend/src/main/java/com/freqmanage/module/statistics/vo/StationRegionDetailVO.java",11,11,"    private Long broadcast;
    private Long fixed;
    private Long satellite;
    private Long other;
    private Long total;
","","Long"
"Property:backend/src/main/java/com/freqmanage/module/statistics/vo/StationRegionDetailVO.java:StationRegionDetailVO.other","other","backend/src/main/java/com/freqmanage/module/statistics/vo/StationRegionDetailVO.java",12,12,"    private Long fixed;
    private Long satellite;
    private Long other;
    private Long total;

","","Long"
"Property:backend/src/main/java/com/freqmanage/module/statistics/vo/StationRegionDetailVO.java:StationRegionDetailVO.total","total","backend/src/main/java/com/freqmanage/module/statistics/vo/StationRegionDetailVO.java",13,13,"    private Long satellite;
    private Long other;
    private Long total;

    private static String normalizeType(String type) {
","","Long"
"Property:backend/src/main/java/com/freqmanage/module/statistics/vo/StationTypeVO.java:StationTypeVO.id","id","backend/src/main/java/com/freqmanage/module/statistics/vo/StationTypeVO.java",6,6,"@Data
public class StationTypeVO {
    private String id;
    private String name;
    private Long value;","","String"
"Property:backend/src/main/java/com/freqmanage/module/statistics/vo/StationTypeVO.java:StationTypeVO.name","name","backend/src/main/java/com/freqmanage/module/statistics/vo/StationTypeVO.java",7,7,"public class StationTypeVO {
    private String id;
    private String name;
    private Long value;
    private String color;","","String"
"Property:backend/src/main/java/com/freqmanage/module/statistics/vo/StationTypeVO.java:StationTypeVO.value","value","backend/src/main/java/com/freqmanage/module/statistics/vo/StationTypeVO.java",8,8,"    private String id;
    private String name;
    private Long value;
    private String color;
}","","Long"
"Property:backend/src/main/java/com/freqmanage/module/statistics/vo/StationTypeVO.java:StationTypeVO.color","color","backend/src/main/java/com/freqmanage/module/statistics/vo/StationTypeVO.java",9,9,"    private String name;
    private Long value;
    private String color;
}","","String"
"Property:backend/src/main/java/com/freqmanage/module/statistics/vo/ValidityForecastVO.java:ValidityForecastVO.month","month","backend/src/main/java/com/freqmanage/module/statistics/vo/ValidityForecastVO.java",6,6,"@Data
public class ValidityForecastVO {
    private String month;       // yyyy-MM
    private String province;    // All 或具体省份
    private Long normal;","","String"
"Property:backend/src/main/java/com/freqmanage/module/statistics/vo/ValidityForecastVO.java:ValidityForecastVO.province","province","backend/src/main/java/com/freqmanage/module/statistics/vo/ValidityForecastVO.java",7,7,"public class ValidityForecastVO {
    private String month;       // yyyy-MM
    private String province;    // All 或具体省份
    private Long normal;
    private Long expiring;      // 60天内到期","","String"
"Property:backend/src/main/java/com/freqmanage/module/statistics/vo/ValidityForecastVO.java:ValidityForecastVO.normal","normal","backend/src/main/java/com/freqmanage/module/statistics/vo/ValidityForecastVO.java",8,8,"    private String month;       // yyyy-MM
    private String province;    // All 或具体省份
    private Long normal;
    private Long expiring;      // 60天内到期
    private Long expired;","","Long"
"Property:backend/src/main/java/com/freqmanage/module/statistics/vo/ValidityForecastVO.java:ValidityForecastVO.expiring","expiring","backend/src/main/java/com/freqmanage/module/statistics/vo/ValidityForecastVO.java",9,9,"    private String province;    // All 或具体省份
    private Long normal;
    private Long expiring;      // 60天内到期
    private Long expired;
}","","Long"
"Property:backend/src/main/java/com/freqmanage/module/statistics/vo/ValidityForecastVO.java:ValidityForecastVO.expired","expired","backend/src/main/java/com/freqmanage/module/statistics/vo/ValidityForecastVO.java",10,10,"    private Long normal;
    private Long expiring;      // 60天内到期
    private Long expired;
}","","Long"
"Property:backend/src/main/java/com/freqmanage/module/system/controller/OrganizationController.java:OrganizationController.organizationService","organizationService","backend/src/main/java/com/freqmanage/module/system/controller/OrganizationController.java",18,18,"@RequestMapping(""/api/system/organization"")
public class OrganizationController {
    private final OrganizationService organizationService;

    public OrganizationController(OrganizationService organizationService) {","","OrganizationService"
"Property:backend/src/main/java/com/freqmanage/module/system/controller/RoleController.java:RoleController.roleService","roleService","backend/src/main/java/com/freqmanage/module/system/controller/RoleController.java",18,18,"@RequestMapping(""/api/system/role"")
public class RoleController {
    private final RoleService roleService;

    public RoleController(RoleService roleService) {","","RoleService"
"Property:backend/src/main/java/com/freqmanage/module/system/controller/UserController.java:UserController.userService","userService","backend/src/main/java/com/freqmanage/module/system/controller/UserController.java",18,18,"@RequestMapping(""/api/system/user"")
public class UserController {
    private final UserService userService;

    public UserController(UserService userService) {","","UserService"
"Property:backend/src/main/java/com/freqmanage/module/system/dto/OrganizationCreateDTO.java:OrganizationCreateDTO.parentId","parentId","backend/src/main/java/com/freqmanage/module/system/dto/OrganizationCreateDTO.java",6,6,"@Data
public class OrganizationCreateDTO {
    private String parentId;
    private String name;
    private String code;","","String"
"Property:backend/src/main/java/com/freqmanage/module/system/dto/OrganizationCreateDTO.java:OrganizationCreateDTO.name","name","backend/src/main/java/com/freqmanage/module/system/dto/OrganizationCreateDTO.java",7,7,"public class OrganizationCreateDTO {
    private String parentId;
    private String name;
    private String code;
    private String type;","","String"
"Property:backend/src/main/java/com/freqmanage/module/system/dto/OrganizationCreateDTO.java:OrganizationCreateDTO.code","code","backend/src/main/java/com/freqmanage/module/system/dto/OrganizationCreateDTO.java",8,8,"    private String parentId;
    private String name;
    private String code;
    private String type;
    private String region;","","String"
"Property:backend/src/main/java/com/freqmanage/module/system/dto/OrganizationCreateDTO.java:OrganizationCreateDTO.type","type","backend/src/main/java/com/freqmanage/module/system/dto/OrganizationCreateDTO.java",9,9,"    private String name;
    private String code;
    private String type;
    private String region;
    private String address;","","String"
"Property:backend/src/main/java/com/freqmanage/module/system/dto/OrganizationCreateDTO.java:OrganizationCreateDTO.region","region","backend/src/main/java/com/freqmanage/module/system/dto/OrganizationCreateDTO.java",10,10,"    private String code;
    private String type;
    private String region;
    private String address;
    private String contact;","","String"
"Property:backend/src/main/java/com/freqmanage/module/system/dto/OrganizationCreateDTO.java:OrganizationCreateDTO.address","address","backend/src/main/java/com/freqmanage/module/system/dto/OrganizationCreateDTO.java",11,11,"    private String type;
    private String region;
    private String address;
    private String contact;
    private String phone;","","String"
"Property:backend/src/main/java/com/freqmanage/module/system/dto/OrganizationCreateDTO.java:OrganizationCreateDTO.contact","contact","backend/src/main/java/com/freqmanage/module/system/dto/OrganizationCreateDTO.java",12,12,"    private String region;
    private String address;
    private String contact;
    private String phone;
    private String email;","","String"
"Property:backend/src/main/java/com/freqmanage/module/system/dto/OrganizationCreateDTO.java:OrganizationCreateDTO.phone","phone","backend/src/main/java/com/freqmanage/module/system/dto/OrganizationCreateDTO.java",13,13,"    private String address;
    private String contact;
    private String phone;
    private String email;
    private String status;","","String"
"Property:backend/src/main/java/com/freqmanage/module/system/dto/OrganizationCreateDTO.java:OrganizationCreateDTO.email","email","backend/src/main/java/com/freqmanage/module/system/dto/OrganizationCreateDTO.java",14,14,"    private String contact;
    private String phone;
    private String email;
    private String status;
}","","String"
"Property:backend/src/main/java/com/freqmanage/module/system/dto/OrganizationCreateDTO.java:OrganizationCreateDTO.status","status","backend/src/main/java/com/freqmanage/module/system/dto/OrganizationCreateDTO.java",15,15,"    private String phone;
    private String email;
    private String status;
}","","String"
"Property:backend/src/main/java/com/freqmanage/module/system/dto/OrganizationQueryDTO.java:OrganizationQueryDTO.name","name","backend/src/main/java/com/freqmanage/module/system/dto/OrganizationQueryDTO.java",8,8,"@Data
public class OrganizationQueryDTO extends com.freqmanage.common.QueryParam {
    private String name;
    private String code;
    private String type;","","String"
"Property:backend/src/main/java/com/freqmanage/module/system/dto/OrganizationQueryDTO.java:OrganizationQueryDTO.code","code","backend/src/main/java/com/freqmanage/module/system/dto/OrganizationQueryDTO.java",9,9,"public class OrganizationQueryDTO extends com.freqmanage.common.QueryParam {
    private String name;
    private String code;
    private String type;
    private String region;","","String"
"Property:backend/src/main/java/com/freqmanage/module/system/dto/OrganizationQueryDTO.java:OrganizationQueryDTO.type","type","backend/src/main/java/com/freqmanage/module/system/dto/OrganizationQueryDTO.java",10,10,"    private String name;
    private String code;
    private String type;
    private String region;
}","","String"
"Property:backend/src/main/java/com/freqmanage/module/system/dto/OrganizationQueryDTO.java:OrganizationQueryDTO.region","region","backend/src/main/java/com/freqmanage/module/system/dto/OrganizationQueryDTO.java",11,11,"    private String code;
    private String type;
    private String region;
}","","String"
"Property:backend/src/main/java/com/freqmanage/module/system/dto/OrganizationUpdateDTO.java:OrganizationUpdateDTO.parentId","parentId","backend/src/main/java/com/freqmanage/module/system/dto/OrganizationUpdateDTO.java",6,6,"@Data
public class OrganizationUpdateDTO {
    private String parentId;
    private String name;
    private String code;","","String"
"Property:backend/src/main/java/com/freqmanage/module/system/dto/OrganizationUpdateDTO.java:OrganizationUpdateDTO.name","name","backend/src/main/java/com/freqmanage/module/system/dto/OrganizationUpdateDTO.java",7,7,"public class OrganizationUpdateDTO {
    private String parentId;
    private String name;
    private String code;
    private String type;","","String"
"Property:backend/src/main/java/com/freqmanage/module/system/dto/OrganizationUpdateDTO.java:OrganizationUpdateDTO.code","code","backend/src/main/java/com/freqmanage/module/system/dto/OrganizationUpdateDTO.java",8,8,"    private String parentId;
    private String name;
    private String code;
    private String type;
    private String region;","","String"
"Property:backend/src/main/java/com/freqmanage/module/system/dto/OrganizationUpdateDTO.java:OrganizationUpdateDTO.type","type","backend/src/main/java/com/freqmanage/module/system/dto/OrganizationUpdateDTO.java",9,9,"    private String name;
    private String code;
    private String type;
    private String region;
    private String address;","","String"
"Property:backend/src/main/java/com/freqmanage/module/system/dto/OrganizationUpdateDTO.java:OrganizationUpdateDTO.region","region","backend/src/main/java/com/freqmanage/module/system/dto/OrganizationUpdateDTO.java",10,10,"    private String code;
    private String type;
    private String region;
    private String address;
    private String contact;","","String"
"Property:backend/src/main/java/com/freqmanage/module/system/dto/OrganizationUpdateDTO.java:OrganizationUpdateDTO.address","address","backend/src/main/java/com/freqmanage/module/system/dto/OrganizationUpdateDTO.java",11,11,"    private String type;
    private String region;
    private String address;
    private String contact;
    private String phone;","","String"
"Property:backend/src/main/java/com/freqmanage/module/system/dto/OrganizationUpdateDTO.java:OrganizationUpdateDTO.contact","contact","backend/src/main/java/com/freqmanage/module/system/dto/OrganizationUpdateDTO.java",12,12,"    private String region;
    private String address;
    private String contact;
    private String phone;
    private String email;","","String"
"Property:backend/src/main/java/com/freqmanage/module/system/dto/OrganizationUpdateDTO.java:OrganizationUpdateDTO.phone","phone","backend/src/main/java/com/freqmanage/module/system/dto/OrganizationUpdateDTO.java",13,13,"    private String address;
    private String contact;
    private String phone;
    private String email;
    private String status;","","String"
"Property:backend/src/main/java/com/freqmanage/module/system/dto/OrganizationUpdateDTO.java:OrganizationUpdateDTO.email","email","backend/src/main/java/com/freqmanage/module/system/dto/OrganizationUpdateDTO.java",14,14,"    private String contact;
    private String phone;
    private String email;
    private String status;
}","","String"
"Property:backend/src/main/java/com/freqmanage/module/system/dto/OrganizationUpdateDTO.java:OrganizationUpdateDTO.status","status","backend/src/main/java/com/freqmanage/module/system/dto/OrganizationUpdateDTO.java",15,15,"    private String phone;
    private String email;
    private String status;
}","","String"
"Property:backend/src/main/java/com/freqmanage/module/system/dto/RoleCreateDTO.java:RoleCreateDTO.name","name","backend/src/main/java/com/freqmanage/module/system/dto/RoleCreateDTO.java",8,8,"@Data
public class RoleCreateDTO {
    private String name;
    private String description;
    private String status;","","String"
"Property:backend/src/main/java/com/freqmanage/module/system/dto/RoleCreateDTO.java:RoleCreateDTO.description","description","backend/src/main/java/com/freqmanage/module/system/dto/RoleCreateDTO.java",9,9,"public class RoleCreateDTO {
    private String name;
    private String description;
    private String status;
    private List<String> permissions;","","String"
"Property:backend/src/main/java/com/freqmanage/module/system/dto/RoleCreateDTO.java:RoleCreateDTO.status","status","backend/src/main/java/com/freqmanage/module/system/dto/RoleCreateDTO.java",10,10,"    private String name;
    private String description;
    private String status;
    private List<String> permissions;
}","","String"
"Property:backend/src/main/java/com/freqmanage/module/system/dto/RoleCreateDTO.java:RoleCreateDTO.permissions","permissions","backend/src/main/java/com/freqmanage/module/system/dto/RoleCreateDTO.java",11,11,"    private String description;
    private String status;
    private List<String> permissions;
}","","List"
"Property:backend/src/main/java/com/freqmanage/module/system/dto/RoleQueryDTO.java:RoleQueryDTO.name","name","backend/src/main/java/com/freqmanage/module/system/dto/RoleQueryDTO.java",10,10,"@Data
public class RoleQueryDTO extends com.freqmanage.common.QueryParam {
    private String name;
    private String status;
}","","String"
"Property:backend/src/main/java/com/freqmanage/module/system/dto/RoleQueryDTO.java:RoleQueryDTO.status","status","backend/src/main/java/com/freqmanage/module/system/dto/RoleQueryDTO.java",11,11,"public class RoleQueryDTO extends com.freqmanage.common.QueryParam {
    private String name;
    private String status;
}","","String"
"Property:backend/src/main/java/com/freqmanage/module/system/dto/RoleUpdateDTO.java:RoleUpdateDTO.name","name","backend/src/main/java/com/freqmanage/module/system/dto/RoleUpdateDTO.java",8,8,"@Data
public class RoleUpdateDTO {
    private String name;
    private String description;
    private String status;","","String"
"Property:backend/src/main/java/com/freqmanage/module/system/dto/RoleUpdateDTO.java:RoleUpdateDTO.description","description","backend/src/main/java/com/freqmanage/module/system/dto/RoleUpdateDTO.java",9,9,"public class RoleUpdateDTO {
    private String name;
    private String description;
    private String status;
    private List<String> permissions;","","String"
"Property:backend/src/main/java/com/freqmanage/module/system/dto/RoleUpdateDTO.java:RoleUpdateDTO.status","status","backend/src/main/java/com/freqmanage/module/system/dto/RoleUpdateDTO.java",10,10,"    private String name;
    private String description;
    private String status;
    private List<String> permissions;
}","","String"
"Property:backend/src/main/java/com/freqmanage/module/system/dto/RoleUpdateDTO.java:RoleUpdateDTO.permissions","permissions","backend/src/main/java/com/freqmanage/module/system/dto/RoleUpdateDTO.java",11,11,"    private String description;
    private String status;
    private List<String> permissions;
}","","List"
"Property:backend/src/main/java/com/freqmanage/module/system/dto/UserCreateDTO.java:UserCreateDTO.username","username","backend/src/main/java/com/freqmanage/module/system/dto/UserCreateDTO.java",6,6,"@Data
public class UserCreateDTO {
    private String username;
    private String password;
    private String name;","","String"
"Property:backend/src/main/java/com/freqmanage/module/system/dto/UserCreateDTO.java:UserCreateDTO.password","password","backend/src/main/java/com/freqmanage/module/system/dto/UserCreateDTO.java",7,7,"public class UserCreateDTO {
    private String username;
    private String password;
    private String name;
    private String email;","","String"
"Property:backend/src/main/java/com/freqmanage/module/system/dto/UserCreateDTO.java:UserCreateDTO.name","name","backend/src/main/java/com/freqmanage/module/system/dto/UserCreateDTO.java",8,8,"    private String username;
    private String password;
    private String name;
    private String email;
    private String phone;","","String"
"Property:backend/src/main/java/com/freqmanage/module/system/dto/UserCreateDTO.java:UserCreateDTO.email","email","backend/src/main/java/com/freqmanage/module/system/dto/UserCreateDTO.java",9,9,"    private String password;
    private String name;
    private String email;
    private String phone;
    private String roleId;","","String"
"Property:backend/src/main/java/com/freqmanage/module/system/dto/UserCreateDTO.java:UserCreateDTO.phone","phone","backend/src/main/java/com/freqmanage/module/system/dto/UserCreateDTO.java",10,10,"    private String name;
    private String email;
    private String phone;
    private String roleId;
    private String orgId;","","String"
"Property:backend/src/main/java/com/freqmanage/module/system/dto/UserCreateDTO.java:UserCreateDTO.roleId","roleId","backend/src/main/java/com/freqmanage/module/system/dto/UserCreateDTO.java",11,11,"    private String email;
    private String phone;
    private String roleId;
    private String orgId;
    private String status;","","String"
"Property:backend/src/main/java/com/freqmanage/module/system/dto/UserCreateDTO.java:UserCreateDTO.orgId","orgId","backend/src/main/java/com/freqmanage/module/system/dto/UserCreateDTO.java",12,12,"    private String phone;
    private String roleId;
    private String orgId;
    private String status;
}","","String"
"Property:backend/src/main/java/com/freqmanage/module/system/dto/UserCreateDTO.java:UserCreateDTO.status","status","backend/src/main/java/com/freqmanage/module/system/dto/UserCreateDTO.java",13,13,"    private String roleId;
    private String orgId;
    private String status;
}","","String"
"Property:backend/src/main/java/com/freqmanage/module/system/dto/UserPasswordDTO.java:UserPasswordDTO.oldPassword","oldPassword","backend/src/main/java/com/freqmanage/module/system/dto/UserPasswordDTO.java",6,6,"@Data
public class UserPasswordDTO {
    private String oldPassword;
    private String newPassword;
}","","String"
"Property:backend/src/main/java/com/freqmanage/module/system/dto/UserPasswordDTO.java:UserPasswordDTO.newPassword","newPassword","backend/src/main/java/com/freqmanage/module/system/dto/UserPasswordDTO.java",7,7,"public class UserPasswordDTO {
    private String oldPassword;
    private String newPassword;
}","","String"
"Property:backend/src/main/java/com/freqmanage/module/system/dto/UserQueryDTO.java:UserQueryDTO.username","username","backend/src/main/java/com/freqmanage/module/system/dto/UserQueryDTO.java",8,8,"@Data
public class UserQueryDTO extends com.freqmanage.common.QueryParam {
    private String username;
    private String name;
    private String roleId;","","String"
"Property:backend/src/main/java/com/freqmanage/module/system/dto/UserQueryDTO.java:UserQueryDTO.name","name","backend/src/main/java/com/freqmanage/module/system/dto/UserQueryDTO.java",9,9,"public class UserQueryDTO extends com.freqmanage.common.QueryParam {
    private String username;
    private String name;
    private String roleId;
    private String orgId;","","String"
"Property:backend/src/main/java/com/freqmanage/module/system/dto/UserQueryDTO.java:UserQueryDTO.roleId","roleId","backend/src/main/java/com/freqmanage/module/system/dto/UserQueryDTO.java",10,10,"    private String username;
    private String name;
    private String roleId;
    private String orgId;
    private String status;","","String"
"Property:backend/src/main/java/com/freqmanage/module/system/dto/UserQueryDTO.java:UserQueryDTO.orgId","orgId","backend/src/main/java/com/freqmanage/module/system/dto/UserQueryDTO.java",11,11,"    private String name;
    private String roleId;
    private String orgId;
    private String status;
}","","String"
"Property:backend/src/main/java/com/freqmanage/module/system/dto/UserQueryDTO.java:UserQueryDTO.status","status","backend/src/main/java/com/freqmanage/module/system/dto/UserQueryDTO.java",12,12,"    private String roleId;
    private String orgId;
    private String status;
}","","String"
"Property:backend/src/main/java/com/freqmanage/module/system/dto/UserUpdateDTO.java:UserUpdateDTO.name","name","backend/src/main/java/com/freqmanage/module/system/dto/UserUpdateDTO.java",6,6,"@Data
public class UserUpdateDTO {
    private String name;
    private String email;
    private String phone;","","String"
"Property:backend/src/main/java/com/freqmanage/module/system/dto/UserUpdateDTO.java:UserUpdateDTO.email","email","backend/src/main/java/com/freqmanage/module/system/dto/UserUpdateDTO.java",7,7,"public class UserUpdateDTO {
    private String name;
    private String email;
    private String phone;
    private String roleId;","","String"
"Property:backend/src/main/java/com/freqmanage/module/system/dto/UserUpdateDTO.java:UserUpdateDTO.phone","phone","backend/src/main/java/com/freqmanage/module/system/dto/UserUpdateDTO.java",8,8,"    private String name;
    private String email;
    private String phone;
    private String roleId;
    private String orgId;","","String"
"Property:backend/src/main/java/com/freqmanage/module/system/dto/UserUpdateDTO.java:UserUpdateDTO.roleId","roleId","backend/src/main/java/com/freqmanage/module/system/dto/UserUpdateDTO.java",9,9,"    private String email;
    private String phone;
    private String roleId;
    private String orgId;
    private String status;","","String"
"Property:backend/src/main/java/com/freqmanage/module/system/dto/UserUpdateDTO.java:UserUpdateDTO.orgId","orgId","backend/src/main/java/com/freqmanage/module/system/dto/UserUpdateDTO.java",10,10,"    private String phone;
    private String roleId;
    private String orgId;
    private String status;
}","","String"
"Property:backend/src/main/java/com/freqmanage/module/system/dto/UserUpdateDTO.java:UserUpdateDTO.status","status","backend/src/main/java/com/freqmanage/module/system/dto/UserUpdateDTO.java",11,11,"    private String roleId;
    private String orgId;
    private String status;
}","","String"
"Property:backend/src/main/java/com/freqmanage/module/system/entity/RsbtOrganization.java:RsbtOrganization.guid","guid","backend/src/main/java/com/freqmanage/module/system/entity/RsbtOrganization.java",11,12,"@TableName(""RSBT_ORGANIZATION"")
public class RsbtOrganization {
    @TableId(""GUID"")
    private String guid;
    private String parentId;
    private String name;","","String"
"Property:backend/src/main/java/com/freqmanage/module/system/entity/RsbtOrganization.java:RsbtOrganization.parentId","parentId","backend/src/main/java/com/freqmanage/module/system/entity/RsbtOrganization.java",13,13,"    @TableId(""GUID"")
    private String guid;
    private String parentId;
    private String name;
    private String code;","","String"
"Property:backend/src/main/java/com/freqmanage/module/system/entity/RsbtOrganization.java:RsbtOrganization.name","name","backend/src/main/java/com/freqmanage/module/system/entity/RsbtOrganization.java",14,14,"    private String guid;
    private String parentId;
    private String name;
    private String code;
    private String type;","","String"
"Property:backend/src/main/java/com/freqmanage/module/system/entity/RsbtOrganization.java:RsbtOrganization.code","code","backend/src/main/java/com/freqmanage/module/system/entity/RsbtOrganization.java",15,15,"    private String parentId;
    private String name;
    private String code;
    private String type;
    private String region;","","String"
"Property:backend/src/main/java/com/freqmanage/module/system/entity/RsbtOrganization.java:RsbtOrganization.type","type","backend/src/main/java/com/freqmanage/module/system/entity/RsbtOrganization.java",16,16,"    private String name;
    private String code;
    private String type;
    private String region;
    private String address;","","String"
"Property:backend/src/main/java/com/freqmanage/module/system/entity/RsbtOrganization.java:RsbtOrganization.region","region","backend/src/main/java/com/freqmanage/module/system/entity/RsbtOrganization.java",17,17,"    private String code;
    private String type;
    private String region;
    private String address;
    private String contact;","","String"
"Property:backend/src/main/java/com/freqmanage/module/system/entity/RsbtOrganization.java:RsbtOrganization.address","address","backend/src/main/java/com/freqmanage/module/system/entity/RsbtOrganization.java",18,18,"    private String type;
    private String region;
    private String address;
    private String contact;
    private String phone;","","String"
"Property:backend/src/main/java/com/freqmanage/module/system/entity/RsbtOrganization.java:RsbtOrganization.contact","contact","backend/src/main/java/com/freqmanage/module/system/entity/RsbtOrganization.java",19,19,"    private String region;
    private String address;
    private String contact;
    private String phone;
    private String email;","","String"
"Property:backend/src/main/java/com/freqmanage/module/system/entity/RsbtOrganization.java:RsbtOrganization.phone","phone","backend/src/main/java/com/freqmanage/module/system/entity/RsbtOrganization.java",20,20,"    private String address;
    private String contact;
    private String phone;
    private String email;
    private String status;","","String"
"Property:backend/src/main/java/com/freqmanage/module/system/entity/RsbtOrganization.java:RsbtOrganization.email","email","backend/src/main/java/com/freqmanage/module/system/entity/RsbtOrganization.java",21,21,"    private String contact;
    private String phone;
    private String email;
    private String status;
    private LocalDateTime createTime;","","String"
"Property:backend/src/main/java/com/freqmanage/module/system/entity/RsbtOrganization.java:RsbtOrganization.status","status","backend/src/main/java/com/freqmanage/module/system/entity/RsbtOrganization.java",22,22,"    private String phone;
    private String email;
    private String status;
    private LocalDateTime createTime;
    private LocalDateTime updateTime;","","String"
"Property:backend/src/main/java/com/freqmanage/module/system/entity/RsbtOrganization.java:RsbtOrganization.createTime","createTime","backend/src/main/java/com/freqmanage/module/system/entity/RsbtOrganization.java",23,23,"    private String email;
    private String status;
    private LocalDateTime createTime;
    private LocalDateTime updateTime;
}","","LocalDateTime"
"Property:backend/src/main/java/com/freqmanage/module/system/entity/RsbtOrganization.java:RsbtOrganization.updateTime","updateTime","backend/src/main/java/com/freqmanage/module/system/entity/RsbtOrganization.java",24,24,"    private String status;
    private LocalDateTime createTime;
    private LocalDateTime updateTime;
}","","LocalDateTime"
"Property:backend/src/main/java/com/freqmanage/module/system/entity/RsbtRole.java:RsbtRole.guid","guid","backend/src/main/java/com/freqmanage/module/system/entity/RsbtRole.java",11,12,"@TableName(""RSBT_ROLE"")
public class RsbtRole {
    @TableId(""GUID"")
    private String guid;
    private String name;
    private String description;","","String"
"Property:backend/src/main/java/com/freqmanage/module/system/entity/RsbtRole.java:RsbtRole.name","name","backend/src/main/java/com/freqmanage/module/system/entity/RsbtRole.java",13,13,"    @TableId(""GUID"")
    private String guid;
    private String name;
    private String description;
    private String status;","","String"
"Property:backend/src/main/java/com/freqmanage/module/system/entity/RsbtRole.java:RsbtRole.description","description","backend/src/main/java/com/freqmanage/module/system/entity/RsbtRole.java",14,14,"    private String guid;
    private String name;
    private String description;
    private String status;
    private LocalDateTime createTime;","","String"
"Property:backend/src/main/java/com/freqmanage/module/system/entity/RsbtRole.java:RsbtRole.status","status","backend/src/main/java/com/freqmanage/module/system/entity/RsbtRole.java",15,15,"    private String name;
    private String description;
    private String status;
    private LocalDateTime createTime;
    private LocalDateTime updateTime;","","String"
"Property:backend/src/main/java/com/freqmanage/module/system/entity/RsbtRole.java:RsbtRole.createTime","createTime","backend/src/main/java/com/freqmanage/module/system/entity/RsbtRole.java",16,16,"    private String description;
    private String status;
    private LocalDateTime createTime;
    private LocalDateTime updateTime;
}","","LocalDateTime"
"Property:backend/src/main/java/com/freqmanage/module/system/entity/RsbtRole.java:RsbtRole.updateTime","updateTime","backend/src/main/java/com/freqmanage/module/system/entity/RsbtRole.java",17,17,"    private String status;
    private LocalDateTime createTime;
    private LocalDateTime updateTime;
}","","LocalDateTime"
"Property:backend/src/main/java/com/freqmanage/module/system/entity/RsbtRolePermission.java:RsbtRolePermission.guid","guid","backend/src/main/java/com/freqmanage/module/system/entity/RsbtRolePermission.java",11,12,"@TableName(""RSBT_ROLE_PERMISSION"")
public class RsbtRolePermission {
    @TableId(""GUID"")
    private String guid;
    private String roleId;
    private String permissionKey;","","String"
"Property:backend/src/main/java/com/freqmanage/module/system/entity/RsbtRolePermission.java:RsbtRolePermission.roleId","roleId","backend/src/main/java/com/freqmanage/module/system/entity/RsbtRolePermission.java",13,13,"    @TableId(""GUID"")
    private String guid;
    private String roleId;
    private String permissionKey;
    private LocalDateTime createTime;","","String"
"Property:backend/src/main/java/com/freqmanage/module/system/entity/RsbtRolePermission.java:RsbtRolePermission.permissionKey","permissionKey","backend/src/main/java/com/freqmanage/module/system/entity/RsbtRolePermission.java",14,14,"    private String guid;
    private String roleId;
    private String permissionKey;
    private LocalDateTime createTime;
}","","String"
"Property:backend/src/main/java/com/freqmanage/module/system/entity/RsbtRolePermission.java:RsbtRolePermission.createTime","createTime","backend/src/main/java/com/freqmanage/module/system/entity/RsbtRolePermission.java",15,15,"    private String roleId;
    private String permissionKey;
    private LocalDateTime createTime;
}","","LocalDateTime"
"Property:backend/src/main/java/com/freqmanage/module/system/entity/RsbtUser.java:RsbtUser.guid","guid","backend/src/main/java/com/freqmanage/module/system/entity/RsbtUser.java",11,12,"@TableName(""RSBT_USER"")
public class RsbtUser {
    @TableId(""GUID"")
    private String guid;
    private String username;
    private String password;","","String"
"Property:backend/src/main/java/com/freqmanage/module/system/entity/RsbtUser.java:RsbtUser.username","username","backend/src/main/java/com/freqmanage/module/system/entity/RsbtUser.java",13,13,"    @TableId(""GUID"")
    private String guid;
    private String username;
    private String password;
    private String name;","","String"
"Property:backend/src/main/java/com/freqmanage/module/system/entity/RsbtUser.java:RsbtUser.password","password","backend/src/main/java/com/freqmanage/module/system/entity/RsbtUser.java",14,14,"    private String guid;
    private String username;
    private String password;
    private String name;
    private String email;","","String"
"Property:backend/src/main/java/com/freqmanage/module/system/entity/RsbtUser.java:RsbtUser.name","name","backend/src/main/java/com/freqmanage/module/system/entity/RsbtUser.java",15,15,"    private String username;
    private String password;
    private String name;
    private String email;
    private String phone;","","String"
"Property:backend/src/main/java/com/freqmanage/module/system/entity/RsbtUser.java:RsbtUser.email","email","backend/src/main/java/com/freqmanage/module/system/entity/RsbtUser.java",16,16,"    private String password;
    private String name;
    private String email;
    private String phone;
    private String roleId;","","String"
"Property:backend/src/main/java/com/freqmanage/module/system/entity/RsbtUser.java:RsbtUser.phone","phone","backend/src/main/java/com/freqmanage/module/system/entity/RsbtUser.java",17,17,"    private String name;
    private String email;
    private String phone;
    private String roleId;
    private String orgId;","","String"
"Property:backend/src/main/java/com/freqmanage/module/system/entity/RsbtUser.java:RsbtUser.roleId","roleId","backend/src/main/java/com/freqmanage/module/system/entity/RsbtUser.java",18,18,"    private String email;
    private String phone;
    private String roleId;
    private String orgId;
    private String status;","","String"
"Property:backend/src/main/java/com/freqmanage/module/system/entity/RsbtUser.java:RsbtUser.orgId","orgId","backend/src/main/java/com/freqmanage/module/system/entity/RsbtUser.java",19,19,"    private String phone;
    private String roleId;
    private String orgId;
    private String status;
    private LocalDateTime createTime;","","String"
"Property:backend/src/main/java/com/freqmanage/module/system/entity/RsbtUser.java:RsbtUser.status","status","backend/src/main/java/com/freqmanage/module/system/entity/RsbtUser.java",20,20,"    private String roleId;
    private String orgId;
    private String status;
    private LocalDateTime createTime;
    private LocalDateTime updateTime;","","String"
"Property:backend/src/main/java/com/freqmanage/module/system/entity/RsbtUser.java:RsbtUser.createTime","createTime","backend/src/main/java/com/freqmanage/module/system/entity/RsbtUser.java",21,21,"    private String orgId;
    private String status;
    private LocalDateTime createTime;
    private LocalDateTime updateTime;
}","","LocalDateTime"
"Property:backend/src/main/java/com/freqmanage/module/system/entity/RsbtUser.java:RsbtUser.updateTime","updateTime","backend/src/main/java/com/freqmanage/module/system/entity/RsbtUser.java",22,22,"    private String status;
    private LocalDateTime createTime;
    private LocalDateTime updateTime;
}","","LocalDateTime"
"Property:backend/src/main/java/com/freqmanage/module/system/service/RoleService.java:RoleService.rolePermissionMapper","rolePermissionMapper","backend/src/main/java/com/freqmanage/module/system/service/RoleService.java",31,31,"public class RoleService extends ServiceImpl<RoleMapper, RsbtRole> {

    private final RolePermissionMapper rolePermissionMapper;
    private final UserMapper userMapper;
","","RolePermissionMapper"
"Property:backend/src/main/java/com/freqmanage/module/system/service/RoleService.java:RoleService.userMapper","userMapper","backend/src/main/java/com/freqmanage/module/system/service/RoleService.java",32,32,"
    private final RolePermissionMapper rolePermissionMapper;
    private final UserMapper userMapper;

    public RoleService(RolePermissionMapper rolePermissionMapper, UserMapper userMapper) {","","UserMapper"
"Property:backend/src/main/java/com/freqmanage/module/system/service/UserService.java:UserService.roleMapper","roleMapper","backend/src/main/java/com/freqmanage/module/system/service/UserService.java",31,31,"public class UserService extends ServiceImpl<UserMapper, RsbtUser> {

    private final RoleMapper roleMapper;
    private final OrganizationMapper organizationMapper;
    private final PasswordEncoder passwordEncoder;","","RoleMapper"
"Property:backend/src/main/java/com/freqmanage/module/system/service/UserService.java:UserService.organizationMapper","organizationMapper","backend/src/main/java/com/freqmanage/module/system/service/UserService.java",32,32,"
    private final RoleMapper roleMapper;
    private final OrganizationMapper organizationMapper;
    private final PasswordEncoder passwordEncoder;
    private final RoleService roleService;","","OrganizationMapper"
"Property:backend/src/main/java/com/freqmanage/module/system/service/UserService.java:UserService.passwordEncoder","passwordEncoder","backend/src/main/java/com/freqmanage/module/system/service/UserService.java",33,33,"    private final RoleMapper roleMapper;
    private final OrganizationMapper organizationMapper;
    private final PasswordEncoder passwordEncoder;
    private final RoleService roleService;
","","PasswordEncoder"
"Property:backend/src/main/java/com/freqmanage/module/system/service/UserService.java:UserService.roleService","roleService","backend/src/main/java/com/freqmanage/module/system/service/UserService.java",34,34,"    private final OrganizationMapper organizationMapper;
    private final PasswordEncoder passwordEncoder;
    private final RoleService roleService;

    public UserService(RoleMapper roleMapper, OrganizationMapper organizationMapper, PasswordEncoder passwordEncoder, RoleService roleService) {","","RoleService"
"Property:backend/src/main/java/com/freqmanage/module/system/vo/RoleVO.java:RoleVO.guid","guid","backend/src/main/java/com/freqmanage/module/system/vo/RoleVO.java",8,8,"@Data
public class RoleVO {
    private String guid;
    private String name;
    private String description;","","String"
"Property:backend/src/main/java/com/freqmanage/module/system/vo/RoleVO.java:RoleVO.name","name","backend/src/main/java/com/freqmanage/module/system/vo/RoleVO.java",9,9,"public class RoleVO {
    private String guid;
    private String name;
    private String description;
    private String status;","","String"
"Property:backend/src/main/java/com/freqmanage/module/system/vo/RoleVO.java:RoleVO.description","description","backend/src/main/java/com/freqmanage/module/system/vo/RoleVO.java",10,10,"    private String guid;
    private String name;
    private String description;
    private String status;
    private List<String> permissions;","","String"
"Property:backend/src/main/java/com/freqmanage/module/system/vo/RoleVO.java:RoleVO.status","status","backend/src/main/java/com/freqmanage/module/system/vo/RoleVO.java",11,11,"    private String name;
    private String description;
    private String status;
    private List<String> permissions;
    private Integer userCount;","","String"
"Property:backend/src/main/java/com/freqmanage/module/system/vo/RoleVO.java:RoleVO.permissions","permissions","backend/src/main/java/com/freqmanage/module/system/vo/RoleVO.java",12,12,"    private String description;
    private String status;
    private List<String> permissions;
    private Integer userCount;
}","","List"
"Property:backend/src/main/java/com/freqmanage/module/system/vo/RoleVO.java:RoleVO.userCount","userCount","backend/src/main/java/com/freqmanage/module/system/vo/RoleVO.java",13,13,"    private String status;
    private List<String> permissions;
    private Integer userCount;
}","","Integer"
"Property:backend/src/main/java/com/freqmanage/module/system/vo/UserVO.java:UserVO.guid","guid","backend/src/main/java/com/freqmanage/module/system/vo/UserVO.java",6,6,"@Data
public class UserVO {
    private String guid;
    private String username;
    private String name;","","String"
"Property:backend/src/main/java/com/freqmanage/module/system/vo/UserVO.java:UserVO.username","username","backend/src/main/java/com/freqmanage/module/system/vo/UserVO.java",7,7,"public class UserVO {
    private String guid;
    private String username;
    private String name;
    private String email;","","String"
"Property:backend/src/main/java/com/freqmanage/module/system/vo/UserVO.java:UserVO.name","name","backend/src/main/java/com/freqmanage/module/system/vo/UserVO.java",8,8,"    private String guid;
    private String username;
    private String name;
    private String email;
    private String phone;","","String"
"Property:backend/src/main/java/com/freqmanage/module/system/vo/UserVO.java:UserVO.email","email","backend/src/main/java/com/freqmanage/module/system/vo/UserVO.java",9,9,"    private String username;
    private String name;
    private String email;
    private String phone;
    private String roleId;","","String"
"Property:backend/src/main/java/com/freqmanage/module/system/vo/UserVO.java:UserVO.phone","phone","backend/src/main/java/com/freqmanage/module/system/vo/UserVO.java",10,10,"    private String name;
    private String email;
    private String phone;
    private String roleId;
    private String roleName;","","String"
"Property:backend/src/main/java/com/freqmanage/module/system/vo/UserVO.java:UserVO.roleId","roleId","backend/src/main/java/com/freqmanage/module/system/vo/UserVO.java",11,11,"    private String email;
    private String phone;
    private String roleId;
    private String roleName;
    private String orgId;","","String"
"Property:backend/src/main/java/com/freqmanage/module/system/vo/UserVO.java:UserVO.roleName","roleName","backend/src/main/java/com/freqmanage/module/system/vo/UserVO.java",12,12,"    private String phone;
    private String roleId;
    private String roleName;
    private String orgId;
    private String orgName;","","String"
"Property:backend/src/main/java/com/freqmanage/module/system/vo/UserVO.java:UserVO.orgId","orgId","backend/src/main/java/com/freqmanage/module/system/vo/UserVO.java",13,13,"    private String roleId;
    private String roleName;
    private String orgId;
    private String orgName;
    private String status;","","String"
"Property:backend/src/main/java/com/freqmanage/module/system/vo/UserVO.java:UserVO.orgName","orgName","backend/src/main/java/com/freqmanage/module/system/vo/UserVO.java",14,14,"    private String roleName;
    private String orgId;
    private String orgName;
    private String status;
}","","String"
"Property:backend/src/main/java/com/freqmanage/module/system/vo/UserVO.java:UserVO.status","status","backend/src/main/java/com/freqmanage/module/system/vo/UserVO.java",15,15,"    private String orgId;
    private String orgName;
    private String status;
}","","String"
"Property:backend/src/main/java/com/freqmanage/security/JwtFilter.java:JwtFilter.jwtUtil","jwtUtil","backend/src/main/java/com/freqmanage/security/JwtFilter.java",19,19,"@Component
public class JwtFilter extends OncePerRequestFilter {
    private final JwtUtil jwtUtil;
    private final UserService userService;

","","JwtUtil"
"Property:backend/src/main/java/com/freqmanage/security/JwtFilter.java:JwtFilter.userService","userService","backend/src/main/java/com/freqmanage/security/JwtFilter.java",20,20,"public class JwtFilter extends OncePerRequestFilter {
    private final JwtUtil jwtUtil;
    private final UserService userService;

    public JwtFilter(JwtUtil jwtUtil, UserService userService) {
","","UserService"
"Property:backend/src/main/java/com/freqmanage/security/JwtUtil.java:JwtUtil.SECRET","SECRET","backend/src/main/java/com/freqmanage/security/JwtUtil.java",13,13,"@Component
public class JwtUtil {
    private static final String SECRET = ""frequency-management-system-secret-key-2026-very-long"";
    private static final long EXPIRE = 24 * 60 * 60 * 1000L;
    private final SecretKey key = Keys.hmacShaKeyFor(SECRET.getBytes(StandardCharsets.UTF_8));
","","String"
"Property:backend/src/main/java/com/freqmanage/security/JwtUtil.java:JwtUtil.EXPIRE","EXPIRE","backend/src/main/java/com/freqmanage/security/JwtUtil.java",14,14,"public class JwtUtil {
    private static final String SECRET = ""frequency-management-system-secret-key-2026-very-long"";
    private static final long EXPIRE = 24 * 60 * 60 * 1000L;
    private final SecretKey key = Keys.hmacShaKeyFor(SECRET.getBytes(StandardCharsets.UTF_8));

","","long"
"Property:backend/src/main/java/com/freqmanage/security/JwtUtil.java:JwtUtil.key","key","backend/src/main/java/com/freqmanage/security/JwtUtil.java",15,15,"    private static final String SECRET = ""frequency-management-system-secret-key-2026-very-long"";
    private static final long EXPIRE = 24 * 60 * 60 * 1000L;
    private final SecretKey key = Keys.hmacShaKeyFor(SECRET.getBytes(StandardCharsets.UTF_8));

    public String generate(String username) {
","","SecretKey"
